kv_settings_allow_file_with_search	c
kv_settings_allow_parallel_streams	c
kv_settings_android_apk_link	j
kv_settings_auto_resume_interval_ms	g
kv_settings_auto_resume_max_time_ms	g
kv_settings_auto_resume_request_timeout_ms	g
kv_settings_completion_request_timeout_ms	g
kv_settings_continue_request_timeout_ms	g
kv_settings_conversation_search_enabled	c
kv_settings_copy_text_without_markdown_syntax	c
kv_settings_dead_link_detection	c
kv_settings_deep_think_button_suffix	j
kv_settings_disable_single_dollar_latex	c
kv_settings_ds_settings_enabled	c
kv_settings_edit_menu_item_config	g
kv_settings_edit_request_timeout_ms	g
kv_settings_enable_google_sign_in_captcha	c
kv_settings_enable_webview_content_report	c
kv_settings_files_host	j
kv_settings_gcy_enabled	c
kv_settings_hcaptcha_enabled	c
kv_settings_hide_assistant_avatar	c
kv_settings_hif_max_retry_interval_secs	g
kv_settings_input_default_voice	c
kv_settings_input_view_voice_gesture_duration_ms	g
kv_settings_interrupt_and_send_enabled	c
kv_settings_launch_clean_session_interval_seconds	g
kv_settings_markdown_top_level_node_limit	g
kv_settings_max_duration_ms	g
kv_settings_max_input_file_count	g
kv_settings_max_upload_file_size	g
kv_settings_normal_history_and_file_token_limit	g
kv_settings_one_tap_login_enabled	c
kv_settings_optimize_markdown	c
kv_settings_opus_bitrate	g
kv_settings_picture_compress_format	j
kv_settings_pinned_session_limit	g
kv_settings_pow_prefetch	c
kv_settings_pow_prefetch_count	g
kv_settings_query_files_time_interval	g
kv_settings_r1_history_and_file_token_limit	g
kv_settings_record_empty_detect_time_ms	g
kv_settings_record_stop_delay_ms	g
kv_settings_regenerate_request_timeout_ms	g
kv_settings_resume_request_timeout_ms	g
kv_settings_search_state_on_automatically_created_chat	j
kv_settings_search_state_on_launch	j
kv_settings_search_state_on_login	j
kv_settings_search_state_on_manually_created_chat	j
kv_settings_select_text_without_markdown_syntax	c
kv_settings_session_prefetch	c
kv_settings_session_prefetch_count	g
kv_settings_should_use_sm_device_id	c
kv_settings_show_new_chat_button_above_input	c
kv_settings_sm_pass_code_type	j
kv_settings_sm_sdk_host	j
kv_settings_sse_auto_scroll_one_screen	c
kv_settings_sse_auto_scroll_smooth_stiffness	g
kv_settings_sse_smooth_follow	c
kv_settings_support_center_url	j
kv_settings_thinking_auto_fold_enabled	c
kv_settings_tts_connect_timeout_ms	g
kv_settings_tts_prebuffer_ms	g
kv_settings_tts_resume_buffer_ms	g
kv_settings_tts_resume_interval_ms	g
kv_settings_tts_resume_max_time_ms	g
kv_settings_tts_resume_max_times	g
kv_settings_tts_underrun_timeout_ms	g
kv_settings_voice_input_enabled	c
kv_settings_volcengine_enabled	j
