kv_settings_normal_history_and_file_token_limit	g
kv_settings_r1_history_and_file_token_limit	g
kv_settings_max_upload_file_size	g
kv_settings_max_input_file_count	g
kv_settings_picture_compress_format	j
kv_settings_sm_pass_code_type	j
kv_settings_query_files_time_interval	g
kv_settings_android_apk_link	j
kv_settings_should_use_sm_device_id	c
kv_settings_enable_google_sign_in_captcha	c
kv_settings_deep_think_button_suffix	j
kv_settings_launch_clean_session_interval_seconds	g
kv_settings_completion_request_timeout_ms	g
kv_settings_regenerate_request_timeout_ms	g
kv_settings_edit_request_timeout_ms	g
kv_settings_continue_request_timeout_ms	g
kv_settings_resume_request_timeout_ms	g
kv_settings_auto_resume_request_timeout_ms	g
kv_settings_tts_connect_timeout_ms	g
kv_settings_tts_prebuffer_ms	g
kv_settings_tts_resume_buffer_ms	g
kv_settings_tts_resume_max_times	g
kv_settings_tts_resume_max_time_ms	g
kv_settings_tts_resume_interval_ms	g
kv_settings_tts_underrun_timeout_ms	g
kv_settings_auto_resume_max_time_ms	g
