kv_settings_auto_resume_interval_ms	g
kv_settings_pow_prefetch	c
kv_settings_pow_prefetch_count	g
kv_settings_session_prefetch	c
kv_settings_session_prefetch_count	g
kv_settings_hcaptcha_enabled	c
kv_settings_one_tap_login_enabled	c
kv_settings_dead_link_detection	c
kv_settings_show_new_chat_button_above_input	c
kv_settings_copy_text_without_markdown_syntax	c
kv_settings_select_text_without_markdown_syntax	c
kv_settings_enable_webview_content_report	c
kv_settings_gcy_enabled	c
kv_settings_ds_settings_enabled	c
kv_settings_hide_assistant_avatar	c
kv_settings_support_center_url	j
kv_settings_search_state_on_launch	j
kv_settings_search_state_on_manually_created_chat	j
kv_settings_search_state_on_automatically_created_chat	j
kv_settings_volcengine_enabled	j
kv_settings_search_state_on_login	j
kv_settings_allow_file_with_search	c
kv_settings_hif_max_retry_interval_secs	g
kv_settings_edit_menu_item_config	g
kv_settings_files_host	j
