level	page_num	block_num	par_num	line_num	word_num	left	top	width	height	conf	text
1	1	0	0	0	0	0	0	1440	4594	-1	
2	1	1	0	0	0	198	33	207	46	-1	
3	1	1	1	0	0	198	33	207	46	-1	
4	1	1	1	1	0	198	33	207	46	-1	
5	1	1	1	1	1	198	35	51	39	92.893188	18
5	1	1	1	1	2	269	34	27	43	86.374557	日
5	1	1	1	1	3	328	33	22	46	91.700890	周
5	1	1	1	1	4	374	34	31	42	96.897827	五
2	1	2	0	0	0	1104	79	50	13	-1	
3	1	2	1	0	0	1104	79	50	13	-1	
4	1	2	1	1	0	1104	79	50	13	-1	
5	1	2	1	1	1	1104	79	50	13	66.956284	As
5	1	2	1	1	2	1146	75	11	24	43.723640	全
2	1	3	0	0	0	195	84	213	39	-1	
3	1	3	1	0	0	195	84	213	39	-1	
4	1	3	1	1	0	195	84	213	39	-1	
5	1	3	1	1	1	195	84	213	39	88.795525	19:45:55
2	1	4	0	0	0	1112	91	16	12	-1	
3	1	4	1	0	0	1112	91	16	12	-1	
4	1	4	1	1	0	1112	91	16	12	-1	
5	1	4	1	1	1	1112	91	16	12	40.326191	4
2	1	5	0	0	0	1142	96	12	7	-1	
3	1	5	1	0	0	1142	96	12	7	-1	
4	1	5	1	1	0	1142	96	12	7	-1	
5	1	5	1	1	1	1142	96	12	7	18.642282	>
2	1	6	0	0	0	1174	55	136	49	-1	
3	1	6	1	0	0	1174	55	136	49	-1	
4	1	6	1	1	0	1174	55	136	49	-1	
5	1	6	1	1	1	1174	55	63	49	3.855343	ll
5	1	6	1	1	2	1260	59	50	45	86.377060	&
2	1	7	0	0	0	776	226	80	29	-1	
3	1	7	1	0	0	776	226	80	29	-1	
4	1	7	1	1	0	776	226	80	29	-1	
5	1	7	1	1	1	776	226	80	29	53.646679	—o
2	1	8	0	0	0	100	230	84	67	-1	
3	1	8	1	0	0	100	230	84	67	-1	
4	1	8	1	1	0	100	230	84	67	-1	
5	1	8	1	1	1	100	230	84	67	35.389214	<<
2	1	9	0	0	0	485	226	143	72	-1	
3	1	9	1	0	0	485	226	143	72	-1	
4	1	9	1	1	0	485	226	143	72	-1	
5	1	9	1	1	1	485	226	143	72	92.034241	Am
2	1	10	0	0	0	776	273	80	29	-1	
3	1	10	1	0	0	776	273	80	29	-1	
4	1	10	1	1	0	776	273	80	29	-1	
5	1	10	1	1	1	776	273	80	29	65.404068	-一
2	1	11	0	0	0	945	224	62	80	-1	
3	1	11	1	0	0	945	224	62	80	-1	
4	1	11	1	1	0	945	224	62	80	-1	
5	1	11	1	1	1	945	224	62	80	71.119064	由
2	1	12	0	0	0	1102	224	234	80	-1	
3	1	12	1	0	0	1102	224	234	80	-1	
4	1	12	1	1	0	1102	224	234	80	-1	
5	1	12	1	1	1	1102	224	68	80	92.831223	由
5	1	12	1	1	2	1256	224	80	80	88.981621	©
2	1	13	0	0	0	248	661	252	62	-1	
3	1	13	1	0	0	248	661	252	62	-1	
4	1	13	1	1	0	248	661	252	62	-1	
5	1	13	1	1	1	248	661	252	62	96.830742	模块
5	1	13	1	1	2	410	657	51	89	93.135849	日
5	1	13	1	1	3	460	657	40	89	93.267632	志
2	1	14	0	0	0	940	662	249	59	-1	
3	1	14	1	0	0	940	662	249	59	-1	
4	1	14	1	1	0	940	662	249	59	-1	
5	1	14	1	1	1	940	662	118	59	96.491348	详细
5	1	14	1	1	2	1086	666	31	52	92.322411	日
5	1	14	1	1	3	1148	662	41	57	93.243217	志
2	1	15	0	0	0	1031	949	295	33	-1	
3	1	15	1	0	0	1031	949	295	33	-1	
4	1	15	1	1	0	1031	949	295	33	-1	
5	1	15	1	1	1	1031	949	112	33	96.526627	09-18
5	1	15	1	1	2	1157	949	169	33	96.330986	19:45:38
2	1	16	0	0	0	112	938	660	56	-1	
3	1	16	1	0	0	112	938	660	56	-1	
4	1	16	1	1	0	112	938	660	56	-1	
5	1	16	1	1	1	112	938	34	56	48.464622	@
5	1	16	1	1	2	176	938	290	56	64.496597	XposedBridge
5	1	16	1	1	3	480	946	292	42	92.732605	(10410:14078)
2	1	17	0	0	0	114	1011	675	42	-1	
3	1	17	1	0	0	114	1011	675	42	-1	
4	1	17	1	1	0	114	1011	675	42	-1	
5	1	17	1	1	1	114	1011	675	42	88.324005	com.little_femaleboy.cannot_sho...
2	1	18	0	0	0	845	1011	480	41	-1	
3	1	18	1	0	0	845	1011	480	41	-1	
4	1	18	1	1	0	845	1011	480	41	-1	
5	1	18	1	1	1	845	1016	35	23	89.019066	一
5	1	18	1	1	2	907	1011	418	41	91.353477	com.deepseek.chat.a
2	1	19	0	0	0	115	1077	958	49	-1	
3	1	19	1	0	0	115	1077	958	49	-1	
4	1	19	1	1	0	115	1077	958	49	-1	
5	1	19	1	1	1	115	1080	346	46	92.782333	FuckDSManger
5	1	19	1	1	2	473	1080	168	37	91.659050	v2.9.27
5	1	19	1	1	3	658	1077	415	45	91.506531	[NEWPKG-ENTRY]
2	1	20	0	0	0	114	1137	614	46	-1	
3	1	20	1	0	0	114	1137	614	46	-1	
4	1	20	1	1	0	114	1137	614	46	-1	
5	1	20	1	1	1	114	1137	449	46	91.423935	handleLoadPackage
5	1	20	1	1	2	578	1138	150	35	96.299629	ENTER
2	1	21	0	0	0	112	1336	660	56	-1	
3	1	21	1	0	0	112	1336	660	56	-1	
4	1	21	1	1	0	112	1336	660	56	-1	
5	1	21	1	1	1	112	1336	34	56	55.881081	@
5	1	21	1	1	2	176	1336	290	56	72.604500	XposedBridge
5	1	21	1	1	3	480	1344	292	42	92.792183	(10410:14078)
2	1	22	0	0	0	1031	1347	295	33	-1	
3	1	22	1	0	0	1031	1347	295	33	-1	
4	1	22	1	1	0	1031	1347	295	33	-1	
5	1	22	1	1	1	1031	1347	112	33	96.750359	09-18
5	1	22	1	1	2	1157	1347	169	33	94.877632	19:45:38
2	1	23	0	0	0	114	1409	675	42	-1	
3	1	23	1	0	0	114	1409	675	42	-1	
4	1	23	1	1	0	114	1409	675	42	-1	
5	1	23	1	1	1	114	1409	675	42	86.910233	com.little_femaleboy.cannot_sho...
2	1	24	0	0	0	845	1409	480	41	-1	
3	1	24	1	0	0	845	1409	480	41	-1	
4	1	24	1	1	0	845	1409	480	41	-1	
5	1	24	1	1	1	845	1414	35	23	77.857147	一
5	1	24	1	1	2	907	1409	418	41	88.568832	com.deepseek.chat.a
2	1	25	0	0	0	115	1478	1154	46	-1	
3	1	25	1	0	0	115	1478	1154	46	-1	
4	1	25	1	1	0	115	1478	1154	46	-1	
5	1	25	1	1	1	115	1478	346	46	91.748863	FuckDSManger
5	1	25	1	1	2	473	1478	168	37	91.785553	v2.9.27
5	1	25	1	1	3	655	1478	449	46	87.996735	handleLoadPackage
5	1	25	1	1	4	1119	1479	150	35	96.631432	ENTER
2	1	26	0	0	0	112	1677	660	56	-1	
3	1	26	1	0	0	112	1677	660	56	-1	
4	1	26	1	1	0	112	1677	660	56	-1	
5	1	26	1	1	1	112	1677	34	56	63.902203	@
5	1	26	1	1	2	176	1677	290	56	68.168648	XposedBridge
5	1	26	1	1	3	480	1685	292	42	92.852425	(10410:14078)
2	1	27	0	0	0	1031	1688	295	33	-1	
3	1	27	1	0	0	1031	1688	295	33	-1	
4	1	27	1	1	0	1031	1688	295	33	-1	
5	1	27	1	1	1	1031	1688	112	33	96.674400	09-18
5	1	27	1	1	2	1157	1688	169	33	95.422195	19:45:38
2	1	28	0	0	0	114	1750	675	42	-1	
3	1	28	1	0	0	114	1750	675	42	-1	
4	1	28	1	1	0	114	1750	675	42	-1	
5	1	28	1	1	1	114	1750	675	42	85.984512	com.little_femaleboy.cannot_sho...
2	1	29	0	0	0	845	1750	480	41	-1	
3	1	29	1	0	0	845	1750	480	41	-1	
4	1	29	1	1	0	845	1750	480	41	-1	
5	1	29	1	1	1	845	1755	35	23	86.804611	一
5	1	29	1	1	2	907	1750	418	41	89.336388	com.deepseek.chat.a
2	1	30	0	0	0	115	1819	967	46	-1	
3	1	30	1	0	0	115	1819	967	46	-1	
4	1	30	1	1	0	115	1819	967	46	-1	
5	1	30	1	1	1	115	1819	358	46	91.472389	FuckDSManger:
5	1	30	1	1	2	489	1819	593	46	91.666176	pkg=com.deepseek.chat.a
2	1	31	0	0	0	112	2018	660	56	-1	
3	1	31	1	0	0	112	2018	660	56	-1	
4	1	31	1	1	0	112	2018	660	56	-1	
5	1	31	1	1	1	112	2018	34	56	55.677647	@
5	1	31	1	1	2	176	2018	290	56	68.689262	XposedBridge
5	1	31	1	1	3	480	2026	292	42	92.871353	(10410:14078)
2	1	32	0	0	0	1031	2029	295	33	-1	
3	1	32	1	0	0	1031	2029	295	33	-1	
4	1	32	1	1	0	1031	2029	295	33	-1	
5	1	32	1	1	1	1031	2029	112	33	96.526627	09-18
5	1	32	1	1	2	1157	2029	169	33	96.330986	19:45:38
2	1	33	0	0	0	114	2091	675	42	-1	
3	1	33	1	0	0	114	2091	675	42	-1	
4	1	33	1	1	0	114	2091	675	42	-1	
5	1	33	1	1	1	114	2091	675	42	88.324005	com.little_femaleboy.cannot_sho...
2	1	34	0	0	0	845	2091	480	41	-1	
3	1	34	1	0	0	845	2091	480	41	-1	
4	1	34	1	1	0	845	2091	480	41	-1	
5	1	34	1	1	1	845	2096	35	23	89.019066	一
5	1	34	1	1	2	907	2091	418	41	91.353477	com.deepseek.chat.a
2	1	35	0	0	0	115	2159	848	47	-1	
3	1	35	1	0	0	115	2159	848	47	-1	
4	1	35	1	1	0	115	2159	848	47	-1	
5	1	35	1	1	1	115	2160	358	46	91.516113	FuckDSManger:
5	1	35	1	1	2	489	2160	151	36	91.516113	hookM
5	1	35	1	1	3	656	2159	119	38	91.602875	kf5.K
5	1	35	1	1	4	787	2161	176	36	91.602875	count=1
2	1	36	0	0	0	1031	2370	295	33	-1	
3	1	36	1	0	0	1031	2370	295	33	-1	
4	1	36	1	1	0	1031	2370	295	33	-1	
5	1	36	1	1	1	1031	2370	112	33	96.727386	09-18
5	1	36	1	1	2	1157	2370	169	33	95.936172	19:45:38
2	1	37	0	0	0	112	2359	660	56	-1	
3	1	37	1	0	0	112	2359	660	56	-1	
4	1	37	1	1	0	112	2359	660	56	-1	
5	1	37	1	1	1	112	2359	34	56	58.956131	@
5	1	37	1	1	2	176	2359	290	56	67.143188	XposedBridge
5	1	37	1	1	3	480	2367	292	42	92.835609	(10410:14078)
2	1	38	0	0	0	114	2432	675	42	-1	
3	1	38	1	0	0	114	2432	675	42	-1	
4	1	38	1	1	0	114	2432	675	42	-1	
5	1	38	1	1	1	114	2432	675	42	84.798752	com.little_femaleboy.cannot_sho...
2	1	39	0	0	0	845	2432	480	41	-1	
3	1	39	1	0	0	845	2432	480	41	-1	
4	1	39	1	1	0	845	2432	480	41	-1	
5	1	39	1	1	1	845	2437	35	23	86.605530	一
5	1	39	1	1	2	907	2432	418	41	87.786591	com.deepseek.chat.a
2	1	40	0	0	0	115	2500	851	47	-1	
3	1	40	1	0	0	115	2500	851	47	-1	
4	1	40	1	1	0	115	2500	851	47	-1	
5	1	40	1	1	1	115	2501	358	46	91.457298	FuckDSManger:
5	1	40	1	1	2	489	2501	151	36	91.750305	hookM
5	1	40	1	1	3	654	2500	122	37	91.928162	fh6.N
5	1	40	1	1	4	790	2502	176	36	92.185501	count=1
2	1	41	0	0	0	1031	2711	295	33	-1	
3	1	41	1	0	0	1031	2711	295	33	-1	
4	1	41	1	1	0	1031	2711	295	33	-1	
5	1	41	1	1	1	1031	2711	112	33	96.736839	09-18
5	1	41	1	1	2	1157	2711	169	33	95.790916	19:45:38
2	1	42	0	0	0	112	2700	660	56	-1	
3	1	42	1	0	0	112	2700	660	56	-1	
4	1	42	1	1	0	112	2700	660	56	-1	
5	1	42	1	1	1	112	2700	34	56	51.432995	@
5	1	42	1	1	2	176	2700	290	56	69.314476	XposedBridge
5	1	42	1	1	3	480	2708	292	42	92.779335	(10410:14078)
2	1	43	0	0	0	114	2773	675	42	-1	
3	1	43	1	0	0	114	2773	675	42	-1	
4	1	43	1	1	0	114	2773	675	42	-1	
5	1	43	1	1	1	114	2773	675	42	86.931168	com.little_femaleboy.cannot_sho...
2	1	44	0	0	0	845	2773	480	41	-1	
3	1	44	1	0	0	845	2773	480	41	-1	
4	1	44	1	1	0	845	2773	480	41	-1	
5	1	44	1	1	1	845	2778	35	23	86.775757	一
5	1	44	1	1	2	907	2773	418	41	90.852470	com.deepseek.chat.a
2	1	45	0	0	0	115	2842	868	46	-1	
3	1	45	1	0	0	115	2842	868	46	-1	
4	1	45	1	1	0	115	2842	868	46	-1	
5	1	45	1	1	1	115	2842	358	46	91.110649	FuckDSManger:
5	1	45	1	1	2	489	2842	151	36	91.917587	hookM
5	1	45	1	1	3	656	2843	137	35	91.323776	me4.a
5	1	45	1	1	4	807	2843	176	36	91.323776	count=1
2	1	46	0	0	0	112	3041	660	56	-1	
3	1	46	1	0	0	112	3041	660	56	-1	
4	1	46	1	1	0	112	3041	660	56	-1	
5	1	46	1	1	1	112	3041	34	56	59.781075	@
5	1	46	1	1	2	176	3041	290	56	69.698502	XposedBridge
5	1	46	1	1	3	480	3049	292	42	92.830521	(10410:14078)
2	1	47	0	0	0	1031	3052	295	33	-1	
3	1	47	1	0	0	1031	3052	295	33	-1	
4	1	47	1	1	0	1031	3052	295	33	-1	
5	1	47	1	1	1	1031	3052	112	33	96.640808	09-18
5	1	47	1	1	2	1157	3052	169	33	95.895050	19:45:38
2	1	48	0	0	0	114	3114	675	42	-1	
3	1	48	1	0	0	114	3114	675	42	-1	
4	1	48	1	1	0	114	3114	675	42	-1	
5	1	48	1	1	1	114	3114	675	42	87.090691	com.little_femaleboy.cannot_sho...
2	1	49	0	0	0	845	3114	480	41	-1	
3	1	49	1	0	0	845	3114	480	41	-1	
4	1	49	1	1	0	845	3114	480	41	-1	
5	1	49	1	1	1	845	3119	35	23	89.608765	一
5	1	49	1	1	2	907	3114	418	41	90.501106	com.deepseek.chat.a
2	1	50	0	0	0	115	3183	525	46	-1	
3	1	50	1	0	0	115	3183	525	46	-1	
4	1	50	1	1	0	115	3183	525	46	-1	
5	1	50	1	1	1	115	3183	358	46	91.723328	FuckDSManger:
5	1	50	1	1	2	489	3183	151	36	92.203033	hookM
2	1	51	0	0	0	113	3239	1102	47	-1	
3	1	51	1	0	0	113	3239	1102	47	-1	
4	1	51	1	1	0	113	3239	1102	47	-1	
5	1	51	1	1	1	113	3239	903	47	91.611374	android.content.res.Resources.getValue
5	1	51	1	1	2	1029	3240	186	37	92.019234	count=2
2	1	52	0	0	0	112	3439	660	56	-1	
3	1	52	1	0	0	112	3439	660	56	-1	
4	1	52	1	1	0	112	3439	660	56	-1	
5	1	52	1	1	1	112	3439	34	56	59.872452	@
5	1	52	1	1	2	176	3439	290	56	70.483025	XposedBridge
5	1	52	1	1	3	480	3447	292	42	92.856964	(10410:14078)
2	1	53	0	0	0	1031	3450	295	33	-1	
3	1	53	1	0	0	1031	3450	295	33	-1	
4	1	53	1	1	0	1031	3450	295	33	-1	
5	1	53	1	1	1	1031	3450	112	33	96.727386	09-18
5	1	53	1	1	2	1157	3450	169	33	95.936172	19:45:38
2	1	54	0	0	0	114	3512	675	42	-1	
3	1	54	1	0	0	114	3512	675	42	-1	
4	1	54	1	1	0	114	3512	675	42	-1	
5	1	54	1	1	1	114	3512	675	42	84.798752	com.little_femaleboy.cannot_sho...
2	1	55	0	0	0	845	3512	480	41	-1	
3	1	55	1	0	0	845	3512	480	41	-1	
4	1	55	1	1	0	845	3512	480	41	-1	
5	1	55	1	1	1	845	3517	35	23	86.605530	一
5	1	55	1	1	2	907	3512	418	41	87.786591	com.deepseek.chat.a
2	1	56	0	0	0	115	3580	1160	47	-1	
3	1	56	1	0	0	115	3580	1160	47	-1	
4	1	56	1	1	0	115	3580	1160	47	-1	
5	1	56	1	1	1	115	3581	358	46	91.659576	FuckDSManger:
5	1	56	1	1	2	489	3581	162	37	93.079597	hooked
5	1	56	1	1	3	667	3580	528	47	55.038307	MainActivityonResume
5	1	56	1	1	4	1208	3581	67	37	95.676598	OK
2	1	57	0	0	0	112	3780	660	56	-1	
3	1	57	1	0	0	112	3780	660	56	-1	
4	1	57	1	1	0	112	3780	660	56	-1	
5	1	57	1	1	1	112	3780	34	56	49.434135	@
5	1	57	1	1	2	176	3780	290	56	69.123207	XposedBridge
5	1	57	1	1	3	480	3788	292	42	92.748146	(10410:14078)
2	1	58	0	0	0	1031	3791	295	33	-1	
3	1	58	1	0	0	1031	3791	295	33	-1	
4	1	58	1	1	0	1031	3791	295	33	-1	
5	1	58	1	1	1	1031	3791	112	33	96.736839	09-18
5	1	58	1	1	2	1157	3791	169	33	95.790916	19:45:38
2	1	59	0	0	0	114	3853	675	42	-1	
3	1	59	1	0	0	114	3853	675	42	-1	
4	1	59	1	1	0	114	3853	675	42	-1	
5	1	59	1	1	1	114	3853	675	42	86.931168	com.little_femaleboy.cannot_sho...
2	1	60	0	0	0	845	3853	480	41	-1	
3	1	60	1	0	0	845	3853	480	41	-1	
4	1	60	1	1	0	845	3853	480	41	-1	
5	1	60	1	1	1	845	3858	35	23	86.775757	一
5	1	60	1	1	2	907	3853	418	41	90.852470	com.deepseek.chat.a
2	1	61	0	0	0	115	3922	525	46	-1	
3	1	61	1	0	0	115	3922	525	46	-1	
4	1	61	1	1	0	115	3922	525	46	-1	
5	1	61	1	1	1	115	3922	358	46	91.661346	FuckDSManger:
5	1	61	1	1	2	489	3922	151	36	92.527016	hookM
2	1	62	0	0	0	113	3978	1115	47	-1	
3	1	62	1	0	0	113	3978	1115	47	-1	
4	1	62	1	1	0	113	3978	1115	47	-1	
5	1	62	1	1	1	113	3978	914	47	91.537254	android.content.res.Resources.getString
5	1	62	1	1	2	1042	3979	186	37	92.883858	count=2
2	1	63	0	0	0	112	4178	660	56	-1	
3	1	63	1	0	0	112	4178	660	56	-1	
4	1	63	1	1	0	112	4178	660	56	-1	
5	1	63	1	1	1	112	4178	34	56	55.677647	@
5	1	63	1	1	2	176	4178	290	56	68.689262	XposedBridge
5	1	63	1	1	3	480	4186	292	42	92.871353	(10410:14078)
2	1	64	0	0	0	1031	4189	295	33	-1	
3	1	64	1	0	0	1031	4189	295	33	-1	
4	1	64	1	1	0	1031	4189	295	33	-1	
5	1	64	1	1	1	1031	4189	112	33	96.526627	09-18
5	1	64	1	1	2	1157	4189	169	33	96.330986	19:45:38
2	1	65	0	0	0	114	4251	675	42	-1	
3	1	65	1	0	0	114	4251	675	42	-1	
4	1	65	1	1	0	114	4251	675	42	-1	
5	1	65	1	1	1	114	4251	675	42	88.324005	com.little_femaleboy.cannot_sho...
2	1	66	0	0	0	845	4251	480	41	-1	
3	1	66	1	0	0	845	4251	480	41	-1	
4	1	66	1	1	0	845	4251	480	41	-1	
5	1	66	1	1	1	845	4256	35	23	89.019066	一
5	1	66	1	1	2	907	4251	418	41	91.353477	com.deepseek.chat.a
2	1	67	0	0	0	115	4320	525	46	-1	
3	1	67	1	0	0	115	4320	525	46	-1	
4	1	67	1	1	0	115	4320	525	46	-1	
5	1	67	1	1	1	115	4320	358	46	91.470322	FuckDSManger:
5	1	67	1	1	2	489	4320	151	36	91.778992	hookM
2	1	68	0	0	0	113	4376	1072	47	-1	
3	1	68	1	0	0	113	4376	1072	47	-1	
4	1	68	1	1	0	113	4376	1072	47	-1	
5	1	68	1	1	1	113	4376	873	47	91.668617	android.content.res.Resources.getText
5	1	68	1	1	2	999	4377	186	37	92.022232	count=2
2	1	69	0	0	0	112	4576	93	18	-1	
3	1	69	1	0	0	112	4576	93	18	-1	
4	1	69	1	1	0	112	4576	93	18	-1	
5	1	69	1	1	1	112	4576	93	18	23.545513	ai.
5	1	69	1	1	2	196	4572	13	22	23.545513	_
2	1	70	0	0	0	482	4584	288	10	-1	
3	1	70	1	0	0	482	4584	288	10	-1	
4	1	70	1	1	0	482	4584	288	10	-1	
5	1	70	1	1	1	482	4584	163	10	0.000000	Jammihiamm
5	1	70	1	1	2	633	4575	15	19	48.454037	a
5	1	70	1	1	3	658	4575	10	19	34.842987	8
5	1	70	1	1	4	681	4584	89	10	19.605684	amma
2	1	71	0	0	0	1033	4587	163	7	-1	
3	1	71	1	0	0	1033	4587	163	7	-1	
4	1	71	1	1	0	1033	4587	163	7	-1	
5	1	71	1	1	1	1033	4587	163	7	30.696205	ne
2	1	72	0	0	0	1244	4587	81	7	-1	
3	1	72	1	0	0	1244	4587	81	7	-1	
4	1	72	1	1	0	1244	4587	81	7	-1	
5	1	72	1	1	1	1244	4587	81	7	70.413528	—
5	1	72	1	1	2	1282	4575	17	19	40.455864	<—
5	1	72	1	1	3	1309	4575	20	19	21.454124	-~
