name	size	mtime	path
DeepSeek2_2.5.2.apk	14240919	2026-09-26 12:30	tmp/DeepSeek2_2.5.2.apk
DeepSeek_host_2.5.2.apk	14240919	2026-09-27 01:41	DeepSeek_host_2.5.2.apk
DeepSeek_host_2.5.2.apk	14240919	2026-10-02 13:46	backups/逃生包-20261002-2145/宿主APK/DeepSeek_host_2.5.2.apk
FDM-3.1.0-single-signed.apk	11954858	2026-09-26 00:09	out/FDM-3.1.0-single-signed.apk
FDM-3.1.0-single.apk	11936919	2026-09-26 00:09	out/FDM-3.1.0-single.apk
FDM-3.1.1-single-signed.apk	11950756	2026-09-26 00:13	out/FDM-3.1.1-single-signed.apk
FDM-3.1.1-single.apk	11932769	2026-09-26 00:13	out/FDM-3.1.1-single.apk
FDM-3.1.2-single-signed.apk	11955073	2026-09-26 00:17	out/FDM-3.1.2-single-signed.apk
FDM-3.1.2-single.apk	11933278	2026-09-26 00:17	out/FDM-3.1.2-single.apk
FDM-3.1.3-single-signed.apk	11955079	2026-09-26 00:20	out/FDM-3.1.3-single-signed.apk
FDM-3.1.3-single.apk	11933364	2026-09-26 00:19	out/FDM-3.1.3-single.apk
FDM-3.10.0-single-signed.apk	7844237	2026-09-26 05:32	out/FDM-3.10.0-single-signed.apk
FDM-3.10.0-single.apk	7825098	2026-09-26 05:32	out/FDM-3.10.0-single.apk
FDM-3.10.1-single-signed.apk	7844236	2026-09-26 05:41	out/FDM-3.10.1-single-signed.apk
FDM-3.10.1-single.apk	7825581	2026-09-26 05:41	out/FDM-3.10.1-single.apk
FDM-3.10.2-single-signed.apk	7844231	2026-09-26 05:47	out/FDM-3.10.2-single-signed.apk
FDM-3.10.2-single.apk	7825896	2026-09-26 05:47	out/FDM-3.10.2-single.apk
FDM-3.10.3-single-signed.apk	7844238	2026-09-26 06:01	out/FDM-3.10.3-single-signed.apk
FDM-3.10.3-single.apk	7826263	2026-09-26 06:01	out/FDM-3.10.3-single.apk
FDM-3.10.4-single-signed.apk	7844231	2026-09-26 06:09	out/FDM-3.10.4-single-signed.apk
FDM-3.10.4-single.apk	7826352	2026-09-26 06:09	out/FDM-3.10.4-single.apk
FDM-3.10.6-single-signed.apk	7844237	2026-09-26 06:20	out/FDM-3.10.6-single-signed.apk
FDM-3.10.6-single.apk	7826486	2026-09-26 06:20	out/FDM-3.10.6-single.apk
FDM-3.10.7-single-signed.apk	7844237	2026-09-26 07:45	out/FDM-3.10.7-single-signed.apk
FDM-3.10.7-single.apk	7826502	2026-09-26 07:45	out/FDM-3.10.7-single.apk
FDM-3.10.8-single-signed.apk	7844237	2026-09-26 07:50	out/FDM-3.10.8-single-signed.apk
FDM-3.10.8-single.apk	7826514	2026-09-26 07:50	out/FDM-3.10.8-single.apk
FDM-3.10.9-single-signed.apk	7844237	2026-09-26 07:59	out/FDM-3.10.9-single-signed.apk
FDM-3.10.9-single.apk	7826514	2026-09-26 07:59	out/FDM-3.10.9-single.apk
FDM-3.11.0-single-signed.apk	7844237	2026-09-26 08:07	out/FDM-3.11.0-single-signed.apk
FDM-3.11.0-single.apk	7827322	2026-09-26 08:07	out/FDM-3.11.0-single.apk
FDM-3.11.1-single-signed.apk	7844238	2026-09-26 08:18	out/FDM-3.11.1-single-signed.apk
FDM-3.11.1-single.apk	7827595	2026-09-26 08:18	out/FDM-3.11.1-single.apk
FDM-3.11.2-single-signed.apk	7844237	2026-09-26 08:30	out/FDM-3.11.2-single-signed.apk
FDM-3.11.2-single.apk	7827770	2026-09-26 08:30	out/FDM-3.11.2-single.apk
FDM-3.11.3-single-signed.apk	7844237	2026-09-26 08:49	out/FDM-3.11.3-single-signed.apk
FDM-3.11.3-single.apk	7827734	2026-09-26 08:49	out/FDM-3.11.3-single.apk
FDM-3.11.4-single-signed.apk	7844237	2026-09-26 08:56	out/FDM-3.11.4-single-signed.apk
FDM-3.11.4-single.apk	7827690	2026-09-26 08:55	out/FDM-3.11.4-single.apk
FDM-3.11.5-single-signed.apk	7848334	2026-09-26 09:12	out/FDM-3.11.5-single-signed.apk
FDM-3.11.5-single.apk	7830043	2026-09-26 09:12	out/FDM-3.11.5-single.apk
FDM-3.11.6-single-signed.apk	7848332	2026-09-26 09:27	out/FDM-3.11.6-single-signed.apk
FDM-3.11.6-single.apk	7830885	2026-09-26 09:27	out/FDM-3.11.6-single.apk
FDM-3.11.7-single-signed.apk	7848327	2026-09-26 09:44	out/FDM-3.11.7-single-signed.apk
FDM-3.11.7-single.apk	7832288	2026-09-26 09:44	out/FDM-3.11.7-single.apk
FDM-3.11.8-single-signed.apk	7852430	2026-09-26 09:51	out/FDM-3.11.8-single-signed.apk
FDM-3.11.8-single.apk	7833455	2026-09-26 09:51	out/FDM-3.11.8-single.apk
FDM-3.11.9-single-signed.apk	7852429	2026-09-26 10:41	out/FDM-3.11.9-single-signed.apk
FDM-3.11.9-single.apk	7833570	2026-09-26 10:41	out/FDM-3.11.9-single.apk
FDM-3.12.0-single-signed.apk	7852430	2026-09-26 11:37	out/FDM-3.12.0-single-signed.apk
FDM-3.12.0-single.apk	7834219	2026-09-26 11:37	out/FDM-3.12.0-single.apk
FDM-3.12.1-single-signed.apk	7852430	2026-09-26 11:44	out/FDM-3.12.1-single-signed.apk
FDM-3.12.1-single.apk	7835163	2026-09-26 11:44	out/FDM-3.12.1-single.apk
FDM-3.12.2-single-signed.apk	7852429	2026-09-26 11:48	out/FDM-3.12.2-single-signed.apk
FDM-3.12.2-single.apk	7835194	2026-09-26 11:48	out/FDM-3.12.2-single.apk
FDM-3.12.3-single-signed.apk	7852423	2026-09-26 11:53	out/FDM-3.12.3-single-signed.apk
FDM-3.12.3-single.apk	7836528	2026-09-26 11:53	out/FDM-3.12.3-single.apk
FDM-3.12.4-single-signed.apk	7852430	2026-09-26 12:01	out/FDM-3.12.4-single-signed.apk
FDM-3.12.4-single.apk	7836711	2026-09-26 12:01	out/FDM-3.12.4-single.apk
FDM-3.12.5-single-signed.apk	7852423	2026-09-26 12:05	out/FDM-3.12.5-single-signed.apk
FDM-3.12.5-single.apk	7836956	2026-09-26 12:05	out/FDM-3.12.5-single.apk
FDM-3.12.6-single-signed.apk	7852428	2026-09-26 12:09	out/FDM-3.12.6-single-signed.apk
FDM-3.12.6-single.apk	7836921	2026-09-26 12:09	out/FDM-3.12.6-single.apk
FDM-3.13.0-single-signed.apk	7856526	2026-09-26 12:23	out/FDM-3.13.0-single-signed.apk
FDM-3.13.0-single.apk	7838351	2026-09-26 12:23	out/FDM-3.13.0-single.apk
FDM-3.14.0-single-signed.apk	7856524	2026-09-26 12:41	out/FDM-3.14.0-single-signed.apk
FDM-3.14.0-single.apk	7838937	2026-09-26 12:41	out/FDM-3.14.0-single.apk
FDM-3.15.0-single-signed.apk	7856524	2026-09-26 13:09	out/FDM-3.15.0-single-signed.apk
FDM-3.15.0-single.apk	7839637	2026-09-26 13:09	out/FDM-3.15.0-single.apk
FDM-3.16.0-single-signed.apk	7856525	2026-09-26 13:16	out/FDM-3.16.0-single-signed.apk
FDM-3.16.0-single.apk	7839714	2026-09-26 13:16	out/FDM-3.16.0-single.apk
FDM-3.17.0-single-signed.apk	7856525	2026-09-26 13:23	out/FDM-3.17.0-single-signed.apk
FDM-3.17.0-single.apk	7839878	2026-09-26 13:23	out/FDM-3.17.0-single.apk
FDM-3.18.0-single-signed.apk	7856524	2026-09-26 16:47	out/FDM-3.18.0-single-signed.apk
FDM-3.18.0-single.apk	7840161	2026-09-26 16:47	out/FDM-3.18.0-single.apk
FDM-3.19.0-single-signed.apk	7856525	2026-09-26 16:50	out/FDM-3.19.0-single-signed.apk
FDM-3.19.0-single.apk	7840730	2026-09-26 16:50	out/FDM-3.19.0-single.apk
FDM-3.2.0-single-signed.apk	11955079	2026-09-26 00:24	out/FDM-3.2.0-single-signed.apk
FDM-3.2.0-single.apk	11934812	2026-09-26 00:24	out/FDM-3.2.0-single.apk
FDM-3.20.0-single-signed.apk	7856525	2026-09-27 01:17	out/FDM-3.20.0-single-signed.apk
FDM-3.20.0-single.apk	7840910	2026-09-27 01:17	out/FDM-3.20.0-single.apk
FDM-3.21.0-single-signed.apk	7856525	2026-09-27 01:20	out/FDM-3.21.0-single-signed.apk
FDM-3.21.0-single.apk	7841446	2026-09-27 01:20	out/FDM-3.21.0-single.apk
FDM-3.22.0-single-signed.apk	7860615	2026-09-27 01:24	out/FDM-3.22.0-single-signed.apk
FDM-3.22.0-single.apk	7841832	2026-09-27 01:24	out/FDM-3.22.0-single.apk
FDM-3.23.0-single-signed.apk	7860620	2026-09-27 01:34	out/FDM-3.23.0-single-signed.apk
FDM-3.23.0-single.apk	7842065	2026-09-27 01:34	out/FDM-3.23.0-single.apk
FDM-3.24.0-single-signed.apk	7860621	2026-09-27 01:45	out/FDM-3.24.0-single-signed.apk
FDM-3.24.0-single.apk	7842070	2026-09-27 01:45	out/FDM-3.24.0-single.apk
FDM-3.25.0-single-signed.apk	7860615	2026-09-27 02:07	out/FDM-3.25.0-single-signed.apk
FDM-3.25.0-single.apk	7842740	2026-09-27 02:07	out/FDM-3.25.0-single.apk
FDM-3.26.0-single-signed.apk	7860621	2026-09-27 02:11	out/FDM-3.26.0-single-signed.apk
FDM-3.26.0-single-signed.apk	7860621	2026-09-27 02:18	backups/逃生包-20260927-0218/FDM-3.26.0-single-signed.apk
FDM-3.26.0-single.apk	7842754	2026-09-27 02:11	out/FDM-3.26.0-single.apk
FDM-3.27.0-single-signed.apk	7860615	2026-09-27 07:00	out/FDM-3.27.0-single-signed.apk
FDM-3.27.0-single.apk	7842744	2026-09-27 07:00	out/FDM-3.27.0-single.apk
FDM-3.27.0-ubfix-single-signed.apk	7893389	2026-09-27 06:43	out/FDM-3.27.0-ubfix-single-signed.apk
FDM-3.27.1-single-signed.apk	7860622	2026-09-27 07:06	out/FDM-3.27.1-single-signed.apk
FDM-3.27.1-single.apk	7842903	2026-09-27 07:06	out/FDM-3.27.1-single.apk
FDM-3.27.2-single-signed.apk	7860615	2026-09-27 07:08	out/FDM-3.27.2-single-signed.apk
FDM-3.27.2-single.apk	7842884	2026-09-27 07:08	out/FDM-3.27.2-single.apk
FDM-3.27.3-single-signed.apk	7860615	2026-09-27 07:37	out/FDM-3.27.3-single-signed.apk
FDM-3.27.3-single.apk	7842880	2026-09-27 07:37	out/FDM-3.27.3-single.apk
FDM-3.27.4-single-signed.apk	7860620	2026-09-27 07:45	out/FDM-3.27.4-single-signed.apk
FDM-3.27.4-single.apk	7842889	2026-09-27 07:45	out/FDM-3.27.4-single.apk
FDM-3.27.5-single-signed.apk	7860622	2026-09-27 07:50	out/FDM-3.27.5-single-signed.apk
FDM-3.27.5-single.apk	7843111	2026-09-27 07:50	out/FDM-3.27.5-single.apk
FDM-3.27.6-single-signed.apk	7860620	2026-09-27 07:56	out/FDM-3.27.6-single-signed.apk
FDM-3.27.6-single.apk	7843193	2026-09-27 07:56	out/FDM-3.27.6-single.apk
FDM-3.28.0-single-signed.apk	7860620	2026-09-30 10:28	out/FDM-3.28.0-single-signed.apk
FDM-3.28.0-single.apk	7843261	2026-09-30 10:28	out/FDM-3.28.0-single.apk
FDM-3.28.1-single-signed.apk	7860621	2026-09-30 10:36	out/FDM-3.28.1-single-signed.apk
FDM-3.28.1-single.apk	7843570	2026-09-30 10:36	out/FDM-3.28.1-single.apk
FDM-3.28.2-single-signed.apk	7860615	2026-09-30 10:44	out/FDM-3.28.2-single-signed.apk
FDM-3.28.2-single.apk	7843696	2026-09-30 10:44	out/FDM-3.28.2-single.apk
FDM-3.28.3-single-signed.apk	7860621	2026-09-30 11:00	out/FDM-3.28.3-single-signed.apk
FDM-3.28.3-single.apk	7844526	2026-09-30 11:00	out/FDM-3.28.3-single.apk
FDM-3.28.4-single-signed.apk	7864717	2026-09-30 11:23	out/FDM-3.28.4-single-signed.apk
FDM-3.28.4-single.apk	7845602	2026-09-30 11:23	out/FDM-3.28.4-single.apk
FDM-3.28.5-single-signed.apk	7864711	2026-09-30 11:31	out/FDM-3.28.5-single-signed.apk
FDM-3.28.5-single.apk	7846040	2026-09-30 11:31	out/FDM-3.28.5-single.apk
FDM-3.28.6-single-signed.apk	7864718	2026-09-30 11:40	out/FDM-3.28.6-single-signed.apk
FDM-3.28.6-single.apk	7846567	2026-09-30 11:40	out/FDM-3.28.6-single.apk
FDM-3.29.0-single-signed.apk	7872909	2026-09-30 11:59	out/FDM-3.29.0-single-signed.apk
FDM-3.29.0-single.apk	7857250	2026-09-30 11:59	out/FDM-3.29.0-single.apk
FDM-3.29.1-single-signed.apk	7877006	2026-09-30 12:09	out/FDM-3.29.1-single-signed.apk
FDM-3.29.1-single.apk	7858507	2026-09-30 12:09	out/FDM-3.29.1-single.apk
FDM-3.29.2-single-signed.apk	7877004	2026-09-30 12:13	out/FDM-3.29.2-single-signed.apk
FDM-3.29.2-single.apk	7858881	2026-09-30 12:13	out/FDM-3.29.2-single.apk
FDM-3.29.3-single-signed.apk	7877004	2026-09-30 12:17	out/FDM-3.29.3-single-signed.apk
FDM-3.29.3-single.apk	7859197	2026-09-30 12:17	out/FDM-3.29.3-single.apk
FDM-3.29.4-single-signed.apk	7877006	2026-09-30 12:23	out/FDM-3.29.4-single-signed.apk
FDM-3.29.4-single.apk	7859191	2026-09-30 12:22	out/FDM-3.29.4-single.apk
FDM-3.29.5-single-signed.apk	7877006	2026-09-30 12:26	out/FDM-3.29.5-single-signed.apk
FDM-3.29.5-single.apk	7859711	2026-09-30 12:26	out/FDM-3.29.5-single.apk
FDM-3.29.6-single-signed.apk	7877005	2026-09-30 12:31	out/FDM-3.29.6-single-signed.apk
FDM-3.29.6-single.apk	7860230	2026-09-30 12:31	out/FDM-3.29.6-single.apk
FDM-3.29.7-single-signed.apk	7876999	2026-09-30 12:35	out/FDM-3.29.7-single-signed.apk
FDM-3.29.7-single.apk	7860628	2026-09-30 12:35	out/FDM-3.29.7-single.apk
FDM-3.29.8-single-signed.apk	7877006	2026-09-30 12:39	out/FDM-3.29.8-single-signed.apk
FDM-3.29.8-single.apk	7861167	2026-09-30 12:39	out/FDM-3.29.8-single.apk
FDM-3.29.9-single-signed.apk	7877006	2026-09-30 12:43	out/FDM-3.29.9-single-signed.apk
FDM-3.29.9-single.apk	7861895	2026-09-30 12:43	out/FDM-3.29.9-single.apk
FDM-3.3.0-single-signed.apk	11955079	2026-09-26 00:30	out/FDM-3.3.0-single-signed.apk
FDM-3.3.0-single.apk	11936152	2026-09-26 00:30	out/FDM-3.3.0-single.apk
FDM-3.3.1-single-signed.apk	11955078	2026-09-26 00:34	out/FDM-3.3.1-single-signed.apk
FDM-3.3.1-single.apk	11936151	2026-09-26 00:34	out/FDM-3.3.1-single.apk
FDM-3.30.0-single-signed.apk	7881102	2026-09-30 12:47	out/FDM-3.30.0-single-signed.apk
FDM-3.30.0-single.apk	7862587	2026-09-30 12:47	out/FDM-3.30.0-single.apk
FDM-3.30.1-single-signed.apk	7881102	2026-09-30 12:55	out/FDM-3.30.1-single-signed.apk
FDM-3.30.1-single.apk	7864047	2026-09-30 12:55	out/FDM-3.30.1-single.apk
FDM-3.30.2-single-signed.apk	7881095	2026-09-30 13:02	out/FDM-3.30.2-single-signed.apk
FDM-3.30.2-single.apk	7864496	2026-09-30 13:02	out/FDM-3.30.2-single.apk
FDM-3.30.3-single-signed.apk	7881102	2026-09-30 13:09	out/FDM-3.30.3-single-signed.apk
FDM-3.30.3-single.apk	7865195	2026-09-30 13:09	out/FDM-3.30.3-single.apk
FDM-3.30.5-single-signed.apk	7881102	2026-09-30 13:14	out/FDM-3.30.5-single-signed.apk
FDM-3.30.5-single.apk	7865283	2026-09-30 13:14	out/FDM-3.30.5-single.apk
FDM-3.30.6-single-signed.apk	7881100	2026-09-30 13:20	out/FDM-3.30.6-single-signed.apk
FDM-3.30.6-single.apk	7865589	2026-09-30 13:20	out/FDM-3.30.6-single.apk
FDM-3.30.7-single-signed.apk	7885198	2026-09-30 13:27	out/FDM-3.30.7-single-signed.apk
FDM-3.30.7-single.apk	7866323	2026-09-30 13:27	out/FDM-3.30.7-single.apk
FDM-3.30.8-single-signed.apk	7885196	2026-09-30 13:30	out/FDM-3.30.8-single-signed.apk
FDM-3.30.8-single.apk	7866337	2026-09-30 13:30	out/FDM-3.30.8-single.apk
FDM-3.30.9-single-signed.apk	7885196	2026-09-30 14:22	out/FDM-3.30.9-single-signed.apk
FDM-3.30.9-single.apk	7866537	2026-09-30 14:22	out/FDM-3.30.9-single.apk
FDM-3.31.0-single-signed.apk	7885191	2026-09-30 14:27	out/FDM-3.31.0-single-signed.apk
FDM-3.31.0-single.apk	7868092	2026-09-30 14:27	out/FDM-3.31.0-single.apk
FDM-3.31.1-single-signed.apk	7885198	2026-09-30 14:30	out/FDM-3.31.1-single-signed.apk
FDM-3.31.1-single.apk	7868347	2026-09-30 14:30	out/FDM-3.31.1-single.apk
FDM-3.31.2-single-signed.apk	7885197	2026-09-30 14:34	out/FDM-3.31.2-single-signed.apk
FDM-3.31.2-single.apk	7868662	2026-09-30 14:34	out/FDM-3.31.2-single.apk
FDM-3.31.3-single-signed.apk	7885197	2026-09-30 14:37	out/FDM-3.31.3-single-signed.apk
FDM-3.31.3-single.apk	7868898	2026-09-30 14:37	out/FDM-3.31.3-single.apk
FDM-3.31.4-single-signed.apk	7885197	2026-09-30 14:41	out/FDM-3.31.4-single-signed.apk
FDM-3.31.4-single.apk	7868950	2026-09-30 14:41	out/FDM-3.31.4-single.apk
FDM-3.31.5-single-signed.apk	7885191	2026-09-30 14:44	out/FDM-3.31.5-single-signed.apk
FDM-3.31.5-single.apk	7869080	2026-09-30 14:44	out/FDM-3.31.5-single.apk
FDM-3.31.6-single-signed.apk	7885197	2026-09-30 14:48	out/FDM-3.31.6-single-signed.apk
FDM-3.31.6-single.apk	7869530	2026-09-30 14:48	out/FDM-3.31.6-single.apk
FDM-3.31.7-single-signed.apk	7885191	2026-09-30 14:54	out/FDM-3.31.7-single-signed.apk
FDM-3.31.7-single.apk	7869772	2026-09-30 14:54	out/FDM-3.31.7-single.apk
FDM-3.32.0-single-signed.apk	7885197	2026-09-30 15:02	out/FDM-3.32.0-single-signed.apk
FDM-3.32.0-single.apk	7869722	2026-09-30 15:02	out/FDM-3.32.0-single.apk
FDM-3.32.1-single-signed.apk	7885196	2026-09-30 15:09	out/FDM-3.32.1-single-signed.apk
FDM-3.32.1-single.apk	7869181	2026-09-30 15:09	out/FDM-3.32.1-single.apk
FDM-3.32.3-single-signed.apk	7889293	2026-09-30 15:16	out/FDM-3.32.3-single-signed.apk
FDM-3.32.3-single.apk	7870270	2026-09-30 15:16	out/FDM-3.32.3-single.apk
FDM-3.32.4-single-signed.apk	7889287	2026-09-30 15:19	out/FDM-3.32.4-single-signed.apk
FDM-3.32.4-single.apk	7870296	2026-09-30 15:19	out/FDM-3.32.4-single.apk
FDM-3.32.5-single-signed.apk	7889287	2026-09-30 15:27	out/FDM-3.32.5-single-signed.apk
FDM-3.32.5-single.apk	7870328	2026-09-30 15:27	out/FDM-3.32.5-single.apk
FDM-3.33.0-single-signed.apk	7889294	2026-09-30 15:32	out/FDM-3.33.0-single-signed.apk
FDM-3.33.0-single.apk	7871259	2026-09-30 15:32	out/FDM-3.33.0-single.apk
FDM-3.33.1-single-signed.apk	7889293	2026-09-30 15:37	out/FDM-3.33.1-single-signed.apk
FDM-3.33.1-single.apk	7871386	2026-09-30 15:37	out/FDM-3.33.1-single.apk
FDM-3.33.2-single-signed.apk	7889294	2026-09-30 15:44	out/FDM-3.33.2-single-signed.apk
FDM-3.33.2-single.apk	7871739	2026-09-30 15:44	out/FDM-3.33.2-single.apk
FDM-3.34.0-single-signed.apk	7893389	2026-09-30 15:50	out/FDM-3.34.0-single-signed.apk
FDM-3.34.0-single.apk	7876106	2026-09-30 15:50	out/FDM-3.34.0-single.apk
FDM-3.34.1-single-signed.apk	7893389	2026-09-30 15:57	out/FDM-3.34.1-single-signed.apk
FDM-3.34.1-single.apk	7877850	2026-09-30 15:57	out/FDM-3.34.1-single.apk
FDM-3.35.0-single-signed.apk	7897479	2026-09-30 16:08	out/FDM-3.35.0-single-signed.apk
FDM-3.35.0-single.apk	7879244	2026-09-30 16:08	out/FDM-3.35.0-single.apk
FDM-3.36.0-single-signed.apk	7909774	2026-09-30 16:15	out/FDM-3.36.0-single-signed.apk
FDM-3.36.0-single.apk	7892907	2026-09-30 16:15	out/FDM-3.36.0-single.apk
FDM-3.37.0-single-signed.apk	7909773	2026-09-30 16:25	out/FDM-3.37.0-single-signed.apk
FDM-3.37.0-single.apk	7893082	2026-09-30 16:25	out/FDM-3.37.0-single.apk
FDM-3.38.0-single-signed.apk	7909774	2026-09-30 16:28	out/FDM-3.38.0-single-signed.apk
FDM-3.38.0-single.apk	7893319	2026-09-30 16:28	out/FDM-3.38.0-single.apk
FDM-3.38.1-single-signed.apk	7909774	2026-09-30 16:32	out/FDM-3.38.1-single-signed.apk
FDM-3.38.1-single.apk	7893327	2026-09-30 16:32	out/FDM-3.38.1-single.apk
FDM-3.38.2-single-signed.apk	7909772	2026-09-30 16:36	out/FDM-3.38.2-single-signed.apk
FDM-3.38.2-single.apk	7893309	2026-09-30 16:36	out/FDM-3.38.2-single.apk
FDM-3.38.3-single-signed.apk	7909773	2026-09-30 16:42	out/FDM-3.38.3-single-signed.apk
FDM-3.38.3-single.apk	7893734	2026-09-30 16:42	out/FDM-3.38.3-single.apk
FDM-3.38.4-single-signed.apk	7909774	2026-09-30 16:48	out/FDM-3.38.4-single-signed.apk
FDM-3.38.4-single.apk	7893911	2026-09-30 16:48	out/FDM-3.38.4-single.apk
FDM-3.38.5-single-signed.apk	7909773	2026-09-30 16:58	out/FDM-3.38.5-single-signed.apk
FDM-3.38.5-single.apk	7894142	2026-09-30 16:58	out/FDM-3.38.5-single.apk
FDM-3.39.0-single-signed.apk	7909773	2026-09-30 17:04	out/FDM-3.39.0-single-signed.apk
FDM-3.39.0-single.apk	7894118	2026-09-30 17:04	out/FDM-3.39.0-single.apk
FDM-3.4.0-single-signed.apk	11959174	2026-09-26 00:42	out/FDM-3.4.0-single-signed.apk
FDM-3.4.0-single.apk	11937927	2026-09-26 00:42	out/FDM-3.4.0-single.apk
FDM-3.4.1-single-signed.apk	11959174	2026-09-26 00:46	out/FDM-3.4.1-single-signed.apk
FDM-3.4.1-single.apk	11938983	2026-09-26 00:46	out/FDM-3.4.1-single.apk
FDM-3.40.0-single-signed.apk	7909772	2026-09-30 17:10	out/FDM-3.40.0-single-signed.apk
FDM-3.40.0-single.apk	7894249	2026-09-30 17:10	out/FDM-3.40.0-single.apk
FDM-3.40.1-single-signed.apk	7909774	2026-09-30 17:17	out/FDM-3.40.1-single-signed.apk
FDM-3.40.1-single.apk	7894331	2026-09-30 17:17	out/FDM-3.40.1-single.apk
FDM-3.40.2-single-signed.apk	7909767	2026-09-30 17:23	out/FDM-3.40.2-single-signed.apk
FDM-3.40.2-single.apk	7894316	2026-09-30 17:23	out/FDM-3.40.2-single.apk
FDM-3.41.0-single-signed.apk	7913863	2026-09-30 17:38	out/FDM-3.41.0-single-signed.apk
FDM-3.41.0-single.apk	7895460	2026-09-30 17:38	out/FDM-3.41.0-single.apk
FDM-3.42.0-single-signed.apk	7913870	2026-09-30 18:49	out/FDM-3.42.0-single-signed.apk
FDM-3.42.0-single.apk	7897203	2026-09-30 18:49	out/FDM-3.42.0-single.apk
FDM-3.42.1-single-signed.apk	7913868	2026-09-30 18:52	out/FDM-3.42.1-single-signed.apk
FDM-3.42.1-single.apk	7897209	2026-09-30 18:52	out/FDM-3.42.1-single.apk
FDM-3.42.10-single-signed.apk	7913868	2026-09-30 20:26	out/FDM-3.42.10-single-signed.apk
FDM-3.42.10-single.apk	7897957	2026-09-30 20:26	out/FDM-3.42.10-single.apk
FDM-3.42.11-single-signed.apk	7913863	2026-09-30 20:34	out/FDM-3.42.11-single-signed.apk
FDM-3.42.11-single.apk	7898088	2026-09-30 20:34	out/FDM-3.42.11-single.apk
FDM-3.42.12-single-signed.apk	7913868	2026-09-30 20:36	out/FDM-3.42.12-single-signed.apk
FDM-3.42.12-single.apk	7898153	2026-09-30 20:36	out/FDM-3.42.12-single.apk
FDM-3.42.13-single-signed.apk	7913870	2026-10-01 02:55	out/FDM-3.42.13-single-signed.apk
FDM-3.42.13-single.apk	7898159	2026-10-01 02:55	out/FDM-3.42.13-single.apk
FDM-3.42.14-single-signed.apk	7913868	2026-10-01 02:59	out/FDM-3.42.14-single-signed.apk
FDM-3.42.14-single.apk	7898133	2026-10-01 02:59	out/FDM-3.42.14-single.apk
FDM-3.42.15-single-signed.apk	7913869	2026-10-01 03:05	out/FDM-3.42.15-single-signed.apk
FDM-3.42.15-single.apk	7898242	2026-10-01 03:05	out/FDM-3.42.15-single.apk
FDM-3.42.16-single-signed.apk	7913870	2026-10-01 03:09	out/FDM-3.42.16-single-signed.apk
FDM-3.42.16-single.apk	7898139	2026-10-01 03:09	out/FDM-3.42.16-single.apk
FDM-3.42.17-single-signed.apk	7913870	2026-10-01 03:13	out/FDM-3.42.17-single-signed.apk
FDM-3.42.17-single.apk	7898139	2026-10-01 03:13	out/FDM-3.42.17-single.apk
FDM-3.42.18-single-signed.apk	7913863	2026-10-01 03:30	out/FDM-3.42.18-single-signed.apk
FDM-3.42.18-single.apk	7898128	2026-10-01 03:30	out/FDM-3.42.18-single.apk
FDM-3.42.19-single-signed.apk	7913868	2026-10-01 03:35	out/FDM-3.42.19-single-signed.apk
FDM-3.42.19-single.apk	7898137	2026-10-01 03:35	out/FDM-3.42.19-single.apk
FDM-3.42.2-single-signed.apk	7913870	2026-09-30 19:00	out/FDM-3.42.2-single-signed.apk
FDM-3.42.2-single.apk	7897219	2026-09-30 19:00	out/FDM-3.42.2-single.apk
FDM-3.42.20-single-signed.apk	7913870	2026-10-01 03:42	out/FDM-3.42.20-single-signed.apk
FDM-3.42.20-single.apk	7898139	2026-10-01 03:42	out/FDM-3.42.20-single.apk
FDM-3.42.21-single-signed.apk	7913870	2026-10-01 13:03	out/FDM-3.42.21-single-signed.apk
FDM-3.42.21-single.apk	7898139	2026-10-01 13:03	out/FDM-3.42.21-single.apk
FDM-3.42.22-single-signed.apk	7913870	2026-10-01 13:46	out/FDM-3.42.22-single-signed.apk
FDM-3.42.22-single.apk	7898031	2026-10-01 13:46	out/FDM-3.42.22-single.apk
FDM-3.42.23-single-signed.apk	7913868	2026-10-01 14:24	out/FDM-3.42.23-single-signed.apk
FDM-3.42.23-single.apk	7898073	2026-10-01 14:24	out/FDM-3.42.23-single.apk
FDM-3.42.24-single-signed.apk	7913870	2026-10-01 14:34	out/FDM-3.42.24-single-signed.apk
FDM-3.42.24-single.apk	7898075	2026-10-01 14:33	out/FDM-3.42.24-single.apk
FDM-3.42.25-single-signed.apk	7913869	2026-10-01 14:47	out/FDM-3.42.25-single-signed.apk
FDM-3.42.25-single.apk	7898082	2026-10-01 14:47	out/FDM-3.42.25-single.apk
FDM-3.42.26-single-signed.apk	7913869	2026-10-01 14:50	out/FDM-3.42.26-single-signed.apk
FDM-3.42.26-single.apk	7898078	2026-10-01 14:50	out/FDM-3.42.26-single.apk
FDM-3.42.27-single-signed.apk	7913869	2026-10-01 14:59	out/FDM-3.42.27-single-signed.apk
FDM-3.42.27-single.apk	7898078	2026-10-01 14:59	out/FDM-3.42.27-single.apk
FDM-3.42.28-single-signed.apk	7913869	2026-10-01 15:07	out/FDM-3.42.28-single-signed.apk
FDM-3.42.28-single.apk	7898078	2026-10-01 15:07	out/FDM-3.42.28-single.apk
FDM-3.42.29-single-signed.apk	7913868	2026-10-01 15:16	out/FDM-3.42.29-single-signed.apk
FDM-3.42.29-single.apk	7898077	2026-10-01 15:16	out/FDM-3.42.29-single.apk
FDM-3.42.3-single-signed.apk	7913863	2026-09-30 19:08	out/FDM-3.42.3-single-signed.apk
FDM-3.42.3-single.apk	7897220	2026-09-30 19:08	out/FDM-3.42.3-single.apk
FDM-3.42.30-single-signed.apk	7913869	2026-10-01 15:25	out/FDM-3.42.30-single-signed.apk
FDM-3.42.30-single.apk	7898146	2026-10-01 15:25	out/FDM-3.42.30-single.apk
FDM-3.42.31-single-signed.apk	7913868	2026-10-01 15:36	out/FDM-3.42.31-single-signed.apk
FDM-3.42.31-single.apk	7898149	2026-10-01 15:36	out/FDM-3.42.31-single.apk
FDM-3.42.32-single-signed.apk	7913863	2026-10-01 15:46	out/FDM-3.42.32-single-signed.apk
FDM-3.42.32-single.apk	7898144	2026-10-01 15:46	out/FDM-3.42.32-single.apk
FDM-3.42.33-single-signed.apk	7913870	2026-10-01 15:54	out/FDM-3.42.33-single-signed.apk
FDM-3.42.33-single.apk	7898155	2026-10-01 15:54	out/FDM-3.42.33-single.apk
FDM-3.42.34-single-signed.apk	7913868	2026-10-01 16:52	out/FDM-3.42.34-single-signed.apk
FDM-3.42.34-single.apk	7898249	2026-10-01 16:52	out/FDM-3.42.34-single.apk
FDM-3.42.35-single-signed.apk	7913870	2026-10-01 17:14	out/FDM-3.42.35-single-signed.apk
FDM-3.42.35-single.apk	7898363	2026-10-01 17:14	out/FDM-3.42.35-single.apk
FDM-3.42.36-single-signed.apk	7913869	2026-10-01 17:22	out/FDM-3.42.36-single-signed.apk
FDM-3.42.36-single.apk	7898362	2026-10-01 17:22	out/FDM-3.42.36-single.apk
FDM-3.42.37-single-signed.apk	7913870	2026-10-02 02:29	out/FDM-3.42.37-single-signed.apk
FDM-3.42.37-single.apk	7898547	2026-10-02 02:29	out/FDM-3.42.37-single.apk
FDM-3.42.38-single-signed.apk	7917959	2026-10-02 02:46	out/FDM-3.42.38-single-signed.apk
FDM-3.42.38-single.apk	7898896	2026-10-02 02:46	out/FDM-3.42.38-single.apk
FDM-3.42.39-single-signed.apk	7917964	2026-10-02 02:48	out/FDM-3.42.39-single-signed.apk
FDM-3.42.39-single.apk	7899053	2026-10-02 02:48	out/FDM-3.42.39-single.apk
FDM-3.42.4-single-signed.apk	7913869	2026-09-30 19:14	out/FDM-3.42.4-single-signed.apk
FDM-3.42.4-single.apk	7897218	2026-09-30 19:14	out/FDM-3.42.4-single.apk
FDM-3.42.40-single-signed.apk	7917966	2026-10-02 02:55	out/FDM-3.42.40-single-signed.apk
FDM-3.42.40-single.apk	7899483	2026-10-02 02:55	out/FDM-3.42.40-single.apk
FDM-3.42.41-single-signed.apk	7917964	2026-10-02 03:02	out/FDM-3.42.41-single-signed.apk
FDM-3.42.41-single.apk	7899609	2026-10-02 03:02	out/FDM-3.42.41-single.apk
FDM-3.42.42-single-signed.apk	7917959	2026-10-02 03:11	out/FDM-3.42.42-single-signed.apk
FDM-3.42.42-single.apk	7899696	2026-10-02 03:11	out/FDM-3.42.42-single.apk
FDM-3.42.43-single-signed.apk	7917965	2026-10-02 03:33	out/FDM-3.42.43-single-signed.apk
FDM-3.42.43-single.apk	7899874	2026-10-02 03:33	out/FDM-3.42.43-single.apk
FDM-3.42.44-single-signed.apk	7917965	2026-10-02 03:38	out/FDM-3.42.44-single-signed.apk
FDM-3.42.44-single.apk	7899970	2026-10-02 03:38	out/FDM-3.42.44-single.apk
FDM-3.42.45-single-signed.apk	7917959	2026-10-02 03:47	out/FDM-3.42.45-single-signed.apk
FDM-3.42.45-single.apk	7899864	2026-10-02 03:47	out/FDM-3.42.45-single.apk
FDM-3.42.46-single-signed.apk	7917964	2026-10-02 07:05	out/FDM-3.42.46-single-signed.apk
FDM-3.42.46-single.apk	7900029	2026-10-02 07:05	out/FDM-3.42.46-single.apk
FDM-3.42.47-single-signed.apk	7917959	2026-10-02 07:12	out/FDM-3.42.47-single-signed.apk
FDM-3.42.47-single.apk	7900108	2026-10-02 07:12	out/FDM-3.42.47-single.apk
FDM-3.42.48-single-signed.apk	7917959	2026-10-02 07:23	out/FDM-3.42.48-single-signed.apk
FDM-3.42.48-single.apk	7900096	2026-10-02 07:23	out/FDM-3.42.48-single.apk
FDM-3.42.49-single-signed.apk	7917964	2026-10-02 09:44	out/FDM-3.42.49-single-signed.apk
FDM-3.42.49-single-signed.apk	7917964	2026-10-02 13:52	backups/补充包-tmp-out-20261002-2152/out最近版本-3.42.49~54/FDM-3.42.49-single-signed.apk
FDM-3.42.49-single.apk	7900101	2026-10-02 09:44	out/FDM-3.42.49-single.apk
FDM-3.42.5-single-signed.apk	7913869	2026-09-30 19:42	out/FDM-3.42.5-single-signed.apk
FDM-3.42.5-single.apk	7897934	2026-09-30 19:42	out/FDM-3.42.5-single.apk
FDM-3.42.50-single-signed.apk	7917966	2026-10-02 10:26	out/FDM-3.42.50-single-signed.apk
FDM-3.42.50-single-signed.apk	7917966	2026-10-02 10:51	backups/逃生包-20261002-1051/FDM-3.42.50-single-signed.apk
FDM-3.42.50-single-signed.apk	7917966	2026-10-02 13:52	backups/补充包-tmp-out-20261002-2152/out最近版本-3.42.49~54/FDM-3.42.50-single-signed.apk
FDM-3.42.50-single.apk	7900079	2026-10-02 10:26	out/FDM-3.42.50-single.apk
FDM-3.42.51-single-signed.apk	7922060	2026-10-02 12:05	out/FDM-3.42.51-single-signed.apk
FDM-3.42.51-single-signed.apk	7922060	2026-10-02 13:52	backups/补充包-tmp-out-20261002-2152/out最近版本-3.42.49~54/FDM-3.42.51-single-signed.apk
FDM-3.42.51-single.apk	7903317	2026-10-02 12:05	out/FDM-3.42.51-single.apk
FDM-3.42.52-single-signed.apk	7922055	2026-10-02 12:21	out/FDM-3.42.52-single-signed.apk
FDM-3.42.52-single-signed.apk	7922055	2026-10-02 13:52	backups/补充包-tmp-out-20261002-2152/out最近版本-3.42.49~54/FDM-3.42.52-single-signed.apk
FDM-3.42.52-single.apk	7904104	2026-10-02 12:21	out/FDM-3.42.52-single.apk
FDM-3.42.53-single-signed.apk	7922062	2026-10-02 12:33	out/FDM-3.42.53-single-signed.apk
FDM-3.42.53-single-signed.apk	7922062	2026-10-02 12:56	backups/3.42.53-边缘半透存档/FDM-3.42.53-single-signed.apk
FDM-3.42.53-single-signed.apk	7922062	2026-10-02 13:52	backups/补充包-tmp-out-20261002-2152/out最近版本-3.42.49~54/FDM-3.42.53-single-signed.apk
FDM-3.42.53-single.apk	7904007	2026-10-02 12:33	out/FDM-3.42.53-single.apk
FDM-3.42.54-single-signed.apk	7922060	2026-10-02 12:59	FDM-3.42.54-single-signed.apk
FDM-3.42.54-single-signed.apk	7922060	2026-10-02 12:59	out/FDM-3.42.54-single-signed.apk
FDM-3.42.54-single-signed.apk	7922060	2026-10-02 13:46	backups/逃生包-20261002-2145/FDM-3.42.54-single-signed.apk
FDM-3.42.54-single-signed.apk	7922060	2026-10-02 13:52	backups/补充包-tmp-out-20261002-2152/out最近版本-3.42.49~54/FDM-3.42.54-single-signed.apk
FDM-3.42.54-single.apk	7904609	2026-10-02 12:58	out/FDM-3.42.54-single.apk
FDM-3.42.55-single-signed.apk	7922060	2026-10-02 18:41	FDM-3.42.55-single-signed.apk
FDM-3.42.55-single-signed.apk	7922060	2026-10-02 18:41	out/FDM-3.42.55-single-signed.apk
FDM-3.42.55-single.apk	7905045	2026-10-02 18:41	out/FDM-3.42.55-single.apk
FDM-3.42.56-single-signed.apk	7922060	2026-10-02 18:50	FDM-3.42.56-single-signed.apk
FDM-3.42.56-single-signed.apk	7922060	2026-10-02 18:50	out/FDM-3.42.56-single-signed.apk
FDM-3.42.56-single.apk	7905761	2026-10-02 18:50	out/FDM-3.42.56-single.apk
FDM-3.42.57-single-signed.apk	7922061	2026-10-02 18:58	FDM-3.42.57-single-signed.apk
FDM-3.42.57-single-signed.apk	7922061	2026-10-02 18:58	out/FDM-3.42.57-single-signed.apk
FDM-3.42.57-single.apk	7906138	2026-10-02 18:58	out/FDM-3.42.57-single.apk
FDM-3.42.6-single-signed.apk	7913870	2026-09-30 20:06	out/FDM-3.42.6-single-signed.apk
FDM-3.42.6-single.apk	7897935	2026-09-30 20:06	out/FDM-3.42.6-single.apk
FDM-3.42.7-single-signed.apk	7913863	2026-09-30 20:10	out/FDM-3.42.7-single-signed.apk
FDM-3.42.7-single.apk	7897920	2026-09-30 20:10	out/FDM-3.42.7-single.apk
FDM-3.42.8-single-signed.apk	7913863	2026-09-30 20:18	out/FDM-3.42.8-single-signed.apk
FDM-3.42.8-single.apk	7897952	2026-09-30 20:18	out/FDM-3.42.8-single.apk
FDM-3.42.9-single-signed.apk	7913870	2026-09-30 20:22	out/FDM-3.42.9-single-signed.apk
FDM-3.42.9-single.apk	7897975	2026-09-30 20:22	out/FDM-3.42.9-single.apk
FDM-3.43.0-single-signed.apk	7922055	2026-10-02 19:04	FDM-3.43.0-single-signed.apk
FDM-3.43.0-single-signed.apk	7922055	2026-10-02 19:04	out/FDM-3.43.0-single-signed.apk
FDM-3.43.0-single.apk	7905052	2026-10-02 19:04	out/FDM-3.43.0-single.apk
FDM-3.43.1-single-signed.apk	7922055	2026-10-02 19:11	FDM-3.43.1-single-signed.apk
FDM-3.43.1-single-signed.apk	7922055	2026-10-02 19:11	out/FDM-3.43.1-single-signed.apk
FDM-3.43.1-single.apk	7905064	2026-10-02 19:11	out/FDM-3.43.1-single.apk
FDM-3.43.2-probe-single-signed.apk	7922055	2026-10-02 19:23	FDM-3.43.2-probe-single-signed.apk
FDM-3.43.2-probe-single-signed.apk	7922055	2026-10-02 19:23	out/FDM-3.43.2-probe-single-signed.apk
FDM-3.43.2-probe-single.apk	7906352	2026-10-02 19:23	out/FDM-3.43.2-probe-single.apk
FDM-3.43.3-probe2-single-signed.apk	7922061	2026-10-02 19:30	FDM-3.43.3-probe2-single-signed.apk
FDM-3.43.3-probe2-single-signed.apk	7922061	2026-10-02 19:30	out/FDM-3.43.3-probe2-single-signed.apk
FDM-3.43.3-probe2-single.apk	7906774	2026-10-02 19:30	out/FDM-3.43.3-probe2-single.apk
FDM-3.43.4-probe3-single-signed.apk	7926157	2026-10-02 19:35	FDM-3.43.4-probe3-single-signed.apk
FDM-3.43.4-probe3-single-signed.apk	7926157	2026-10-02 19:35	out/FDM-3.43.4-probe3-single-signed.apk
FDM-3.43.4-probe3-single.apk	7907650	2026-10-02 19:35	out/FDM-3.43.4-probe3-single.apk
FDM-3.43.5-single-signed.apk	7926151	2026-10-02 19:49	FDM-3.43.5-single-signed.apk
FDM-3.43.5-single-signed.apk	7926151	2026-10-02 19:49	out/FDM-3.43.5-single-signed.apk
FDM-3.43.5-single.apk	7907244	2026-10-02 19:49	out/FDM-3.43.5-single.apk
FDM-3.43.6-single-signed.apk	7926157	2026-10-02 20:02	FDM-3.43.6-single-signed.apk
FDM-3.43.6-single-signed.apk	7926157	2026-10-02 20:02	out/FDM-3.43.6-single-signed.apk
FDM-3.43.6-single.apk	7907402	2026-10-02 20:02	out/FDM-3.43.6-single.apk
FDM-3.43.7-single-signed.apk	7926156	2026-10-02 20:08	FDM-3.43.7-single-signed.apk
FDM-3.43.7-single-signed.apk	7926156	2026-10-02 20:08	out/FDM-3.43.7-single-signed.apk
FDM-3.43.7-single.apk	7907389	2026-10-02 20:08	out/FDM-3.43.7-single.apk
FDM-3.43.8-single-signed.apk	7926156	2026-10-02 20:14	FDM-3.43.8-single-signed.apk
FDM-3.43.8-single-signed.apk	7926156	2026-10-02 20:14	out/FDM-3.43.8-single-signed.apk
FDM-3.43.8-single.apk	7907657	2026-10-02 20:14	out/FDM-3.43.8-single.apk
FDM-3.43.9-single-signed.apk	7926157	2026-10-02 20:20	FDM-3.43.9-single-signed.apk
FDM-3.43.9-single-signed.apk	7926157	2026-10-02 20:20	out/FDM-3.43.9-single-signed.apk
FDM-3.43.9-single.apk	7908566	2026-10-02 20:20	out/FDM-3.43.9-single.apk
FDM-3.44.0-single-signed.apk	7926157	2026-10-02 20:30	FDM-3.44.0-single-signed.apk
FDM-3.44.0-single-signed.apk	7926157	2026-10-02 20:30	out/FDM-3.44.0-single-signed.apk
FDM-3.44.0-single.apk	7908694	2026-10-02 20:30	out/FDM-3.44.0-single.apk
FDM-3.44.1-single-signed.apk	7930254	2026-10-03 06:28	FDM-3.44.1-single-signed.apk
FDM-3.44.1-single-signed.apk	7930254	2026-10-03 06:28	out/FDM-3.44.1-single-signed.apk
FDM-3.44.1-single.apk	7912223	2026-10-03 06:28	out/FDM-3.44.1-single.apk
FDM-3.44.2-single-signed.apk	7930254	2026-10-03 08:02	FDM-3.44.2-single-signed.apk
FDM-3.44.2-single-signed.apk	7930254	2026-10-03 08:02	out/FDM-3.44.2-single-signed.apk
FDM-3.44.2-single.apk	7912495	2026-10-03 08:02	out/FDM-3.44.2-single.apk
FDM-3.44.3-single-signed.apk	7930247	2026-10-03 08:15	FDM-3.44.3-single-signed.apk
FDM-3.44.3-single-signed.apk	7930247	2026-10-03 08:15	out/FDM-3.44.3-single-signed.apk
FDM-3.44.3-single.apk	7913720	2026-10-03 08:15	out/FDM-3.44.3-single.apk
FDM-3.44.4-single-signed.apk	7930254	2026-10-03 08:22	FDM-3.44.4-single-signed.apk
FDM-3.44.4-single-signed.apk	7930254	2026-10-03 08:22	out/FDM-3.44.4-single-signed.apk
FDM-3.44.4-single.apk	7914355	2026-10-03 08:22	out/FDM-3.44.4-single.apk
FDM-3.44.5-single-signed.apk	7934348	2026-10-03 09:23	FDM-3.44.5-single-signed.apk
FDM-3.44.5-single-signed.apk	7934348	2026-10-03 09:23	out/FDM-3.44.5-single-signed.apk
FDM-3.44.5-single.apk	7915377	2026-10-03 09:23	out/FDM-3.44.5-single.apk
FDM-3.44.6-single-signed.apk	7934343	2026-10-03 09:39	FDM-3.44.6-single-signed.apk
FDM-3.44.6-single-signed.apk	7934343	2026-10-03 09:39	out/FDM-3.44.6-single-signed.apk
FDM-3.44.6-single.apk	7915840	2026-10-03 09:39	out/FDM-3.44.6-single.apk
FDM-3.44.7-single-signed.apk	7934350	2026-10-03 09:50	FDM-3.44.7-single-signed.apk
FDM-3.44.7-single-signed.apk	7934350	2026-10-03 09:50	out/FDM-3.44.7-single-signed.apk
FDM-3.44.7-single.apk	7916727	2026-10-03 09:50	out/FDM-3.44.7-single.apk
FDM-3.44.8-single-signed.apk	7934348	2026-10-03 10:03	FDM-3.44.8-single-signed.apk
FDM-3.44.8-single-signed.apk	7934348	2026-10-03 10:03	out/FDM-3.44.8-single-signed.apk
FDM-3.44.8-single.apk	7917393	2026-10-03 10:03	out/FDM-3.44.8-single.apk
FDM-3.44.9-single-signed.apk	7934349	2026-10-03 10:09	FDM-3.44.9-single-signed.apk
FDM-3.44.9-single-signed.apk	7934349	2026-10-03 10:09	out/FDM-3.44.9-single-signed.apk
FDM-3.44.9-single.apk	7918054	2026-10-03 10:09	out/FDM-3.44.9-single.apk
FDM-3.45.0-single-signed.apk	7934348	2026-10-03 10:15	FDM-3.45.0-single-signed.apk
FDM-3.45.0-single-signed.apk	7934348	2026-10-03 10:15	out/FDM-3.45.0-single-signed.apk
FDM-3.45.0-single.apk	7918025	2026-10-03 10:15	out/FDM-3.45.0-single.apk
FDM-3.45.1-single-signed.apk	7942542	2026-10-03 14:48	FDM-3.45.1-single-signed.apk
FDM-3.45.1-single-signed.apk	7942542	2026-10-03 14:48	out/FDM-3.45.1-single-signed.apk
FDM-3.45.1-single.apk	7926903	2026-10-03 14:48	out/FDM-3.45.1-single.apk
FDM-3.45.2-single-signed.apk	7946636	2026-10-03 15:23	FDM-3.45.2-single-signed.apk
FDM-3.45.2-single-signed.apk	7946636	2026-10-03 15:23	out/FDM-3.45.2-single-signed.apk
FDM-3.45.2-single.apk	7928997	2026-10-03 15:23	out/FDM-3.45.2-single.apk
FDM-3.45.3-single-signed.apk	7946631	2026-10-03 15:28	FDM-3.45.3-single-signed.apk
FDM-3.45.3-single-signed.apk	7946631	2026-10-03 15:28	out/FDM-3.45.3-single-signed.apk
FDM-3.45.3-single.apk	7929104	2026-10-03 15:28	out/FDM-3.45.3-single.apk
FDM-3.45.4-single-signed.apk	7946631	2026-10-03 15:31	FDM-3.45.4-single-signed.apk
FDM-3.45.4-single-signed.apk	7946631	2026-10-03 15:31	out/FDM-3.45.4-single-signed.apk
FDM-3.45.4-single.apk	7929140	2026-10-03 15:31	out/FDM-3.45.4-single.apk
FDM-3.46.0-single-signed.apk	7950727	2026-10-04 09:33	FDM-3.46.0-single-signed.apk
FDM-3.46.0-single-signed.apk	7950727	2026-10-04 09:33	out/FDM-3.46.0-single-signed.apk
FDM-3.46.0-single.apk	7932804	2026-10-04 09:33	out/FDM-3.46.0-single.apk
FDM-3.46.1-single-signed.apk	7950733	2026-10-04 09:39	FDM-3.46.1-single-signed.apk
FDM-3.46.1-single-signed.apk	7950733	2026-10-04 09:39	out/FDM-3.46.1-single-signed.apk
FDM-3.46.1-single.apk	7933114	2026-10-04 09:39	out/FDM-3.46.1-single.apk
FDM-3.46.2-single-signed.apk	7950727	2026-10-04 09:46	FDM-3.46.2-single-signed.apk
FDM-3.46.2-single-signed.apk	7950727	2026-10-04 09:46	out/FDM-3.46.2-single-signed.apk
FDM-3.46.2-single.apk	7933532	2026-10-04 09:46	out/FDM-3.46.2-single.apk
FDM-3.46.3-single-signed.apk	7950734	2026-10-04 09:54	FDM-3.46.3-single-signed.apk
FDM-3.46.3-single-signed.apk	7950734	2026-10-04 09:54	out/FDM-3.46.3-single-signed.apk
FDM-3.46.3-single.apk	7933887	2026-10-04 09:54	out/FDM-3.46.3-single.apk
FDM-3.46.4-single-signed.apk	7950732	2026-10-04 10:00	FDM-3.46.4-single-signed.apk
FDM-3.46.4-single-signed.apk	7950732	2026-10-04 10:00	out/FDM-3.46.4-single-signed.apk
FDM-3.46.4-single.apk	7934813	2026-10-04 10:00	out/FDM-3.46.4-single.apk
FDM-3.46.5-single-signed.apk	7950734	2026-10-04 10:13	FDM-3.46.5-single-signed.apk
FDM-3.46.5-single-signed.apk	7950734	2026-10-04 10:13	out/FDM-3.46.5-single-signed.apk
FDM-3.46.5-single.apk	7934951	2026-10-04 10:13	out/FDM-3.46.5-single.apk
FDM-3.46.6-single-signed.apk	7950727	2026-10-04 10:21	FDM-3.46.6-single-signed.apk
FDM-3.46.6-single-signed.apk	7950727	2026-10-04 10:21	out/FDM-3.46.6-single-signed.apk
FDM-3.46.6-single.apk	7935352	2026-10-04 10:21	out/FDM-3.46.6-single.apk
FDM-3.46.7-single-signed.apk	7954823	2026-10-04 10:31	FDM-3.46.7-single-signed.apk
FDM-3.46.7-single-signed.apk	7954823	2026-10-04 10:31	out/FDM-3.46.7-single-signed.apk
FDM-3.46.7-single.apk	7935796	2026-10-04 10:31	out/FDM-3.46.7-single.apk
FDM-3.46.8-single-signed.apk	7954829	2026-10-04 10:42	FDM-3.46.8-single-signed.apk
FDM-3.46.8-single-signed.apk	7954829	2026-10-04 10:42	out/FDM-3.46.8-single-signed.apk
FDM-3.46.8-single.apk	7936434	2026-10-04 10:42	out/FDM-3.46.8-single.apk
FDM-3.46.9-single-signed.apk	7954828	2026-10-04 10:50	FDM-3.46.9-single-signed.apk
FDM-3.46.9-single-signed.apk	7954828	2026-10-04 10:50	out/FDM-3.46.9-single-signed.apk
FDM-3.46.9-single.apk	7936813	2026-10-04 10:50	out/FDM-3.46.9-single.apk
FDM-3.47.0-single-signed.apk	7954829	2026-10-04 11:10	FDM-3.47.0-single-signed.apk
FDM-3.47.0-single-signed.apk	7954829	2026-10-04 11:10	out/FDM-3.47.0-single-signed.apk
FDM-3.47.0-single.apk	7936378	2026-10-04 11:10	out/FDM-3.47.0-single.apk
FDM-3.47.1-single-signed.apk	7954828	2026-10-04 11:22	FDM-3.47.1-single-signed.apk
FDM-3.47.1-single-signed.apk	7954828	2026-10-04 11:22	out/FDM-3.47.1-single-signed.apk
FDM-3.47.1-single.apk	7936477	2026-10-04 11:22	out/FDM-3.47.1-single.apk
FDM-3.47.2-single-signed.apk	7954828	2026-10-04 11:39	FDM-3.47.2-single-signed.apk
FDM-3.47.2-single-signed.apk	7954828	2026-10-04 11:39	out/FDM-3.47.2-single-signed.apk
FDM-3.47.2-single.apk	7936557	2026-10-04 11:39	out/FDM-3.47.2-single.apk
FDM-3.47.3-single-signed.apk	7954828	2026-10-04 11:56	FDM-3.47.3-single-signed.apk
FDM-3.47.3-single-signed.apk	7954828	2026-10-04 11:56	out/FDM-3.47.3-single-signed.apk
FDM-3.47.3-single.apk	7936669	2026-10-04 11:56	out/FDM-3.47.3-single.apk
FDM-3.47.4-single-signed.apk	7954829	2026-10-04 12:05	FDM-3.47.4-single-signed.apk
FDM-3.47.4-single-signed.apk	7954829	2026-10-04 12:05	out/FDM-3.47.4-single-signed.apk
FDM-3.47.4-single.apk	7936790	2026-10-04 12:05	out/FDM-3.47.4-single.apk
FDM-3.48.0-single-signed.apk	7954830	2026-10-04 12:45	FDM-3.48.0-single-signed.apk
FDM-3.48.0-single-signed.apk	7954830	2026-10-04 12:45	out/FDM-3.48.0-single-signed.apk
FDM-3.48.0-single.apk	7937207	2026-10-04 12:45	out/FDM-3.48.0-single.apk
FDM-3.48.1-single-signed.apk	7954823	2026-10-04 15:57	FDM-3.48.1-single-signed.apk
FDM-3.48.1-single-signed.apk	7954823	2026-10-04 15:57	out/FDM-3.48.1-single-signed.apk
FDM-3.48.1-single.apk	7937428	2026-10-04 15:57	out/FDM-3.48.1-single.apk
FDM-3.48.2-single-signed.apk	7954828	2026-10-04 16:15	FDM-3.48.2-single-signed.apk
FDM-3.48.2-single-signed.apk	7954828	2026-10-04 16:15	out/FDM-3.48.2-single-signed.apk
FDM-3.48.2-single.apk	7937501	2026-10-04 16:15	out/FDM-3.48.2-single.apk
FDM-3.49.0-probe-single-signed.apk	7958919	2026-10-04 16:37	FDM-3.49.0-probe-single-signed.apk
FDM-3.49.0-probe-single-signed.apk	7958919	2026-10-04 16:37	out/FDM-3.49.0-probe-single-signed.apk
FDM-3.49.0-probe-single.apk	7941492	2026-10-04 16:37	out/FDM-3.49.0-probe-single.apk
FDM-3.49.1-probe-single-signed.apk	7958926	2026-10-04 16:50	FDM-3.49.1-probe-single-signed.apk
FDM-3.49.1-probe-single-signed.apk	7958926	2026-10-04 16:50	out/FDM-3.49.1-probe-single-signed.apk
FDM-3.49.1-probe-single.apk	7942579	2026-10-04 16:50	out/FDM-3.49.1-probe-single.apk
FDM-3.49.2-probe-single-signed.apk	7958925	2026-10-04 16:56	FDM-3.49.2-probe-single-signed.apk
FDM-3.49.2-probe-single-signed.apk	7958925	2026-10-04 16:56	out/FDM-3.49.2-probe-single-signed.apk
FDM-3.49.2-probe-single.apk	7942778	2026-10-04 16:56	out/FDM-3.49.2-probe-single.apk
FDM-3.5.0-single-signed.apk	11963265	2026-09-26 00:47	out/FDM-3.5.0-single-signed.apk
FDM-3.5.0-single.apk	11941746	2026-09-26 00:47	out/FDM-3.5.0-single.apk
FDM-3.5.1-single-signed.apk	11963265	2026-09-26 00:50	out/FDM-3.5.1-single-signed.apk
FDM-3.5.1-single.apk	11941902	2026-09-26 00:50	out/FDM-3.5.1-single.apk
FDM-3.5.2-single-signed.apk	11963270	2026-09-26 00:52	out/FDM-3.5.2-single-signed.apk
FDM-3.5.2-single.apk	11941931	2026-09-26 00:52	out/FDM-3.5.2-single.apk
FDM-3.5.3-single-signed.apk	11963272	2026-09-26 00:54	out/FDM-3.5.3-single-signed.apk
FDM-3.5.3-single.apk	11942717	2026-09-26 00:54	out/FDM-3.5.3-single.apk
FDM-3.5.4-single-signed.apk	11963271	2026-09-26 00:57	out/FDM-3.5.4-single-signed.apk
FDM-3.5.4-single.apk	11942744	2026-09-26 00:57	out/FDM-3.5.4-single.apk
FDM-3.5.5-single-signed.apk	11963265	2026-09-26 00:58	out/FDM-3.5.5-single-signed.apk
FDM-3.5.5-single.apk	11942730	2026-09-26 00:58	out/FDM-3.5.5-single.apk
FDM-3.5.6-single-signed.apk	11963270	2026-09-26 01:01	out/FDM-3.5.6-single-signed.apk
FDM-3.5.6-single.apk	11943383	2026-09-26 01:01	out/FDM-3.5.6-single.apk
FDM-3.5.7-single-signed.apk	11963270	2026-09-26 01:04	out/FDM-3.5.7-single-signed.apk
FDM-3.5.7-single.apk	11943403	2026-09-26 01:04	out/FDM-3.5.7-single.apk
FDM-3.5.8-single-signed.apk	11963271	2026-09-26 01:07	out/FDM-3.5.8-single-signed.apk
FDM-3.5.8-single.apk	11943736	2026-09-26 01:07	out/FDM-3.5.8-single.apk
FDM-3.5.9-single-signed.apk	11963265	2026-09-26 01:11	out/FDM-3.5.9-single-signed.apk
FDM-3.5.9-single.apk	11943890	2026-09-26 01:11	out/FDM-3.5.9-single.apk
FDM-3.50.0-single-signed.apk	7963020	2026-10-05 05:08	FDM-3.50.0-single-signed.apk
FDM-3.50.0-single-signed.apk	7963020	2026-10-05 05:08	out/FDM-3.50.0-single-signed.apk
FDM-3.50.0-single.apk	7944885	2026-10-05 05:08	out/FDM-3.50.0-single.apk
FDM-3.50.1-single-signed.apk	7963021	2026-10-05 05:17	FDM-3.50.1-single-signed.apk
FDM-3.50.1-single-signed.apk	7963021	2026-10-05 05:17	out/FDM-3.50.1-single-signed.apk
FDM-3.50.1-single.apk	7945366	2026-10-05 05:17	out/FDM-3.50.1-single.apk
FDM-3.50.2-single-signed.apk	7963015	2026-10-05 05:31	FDM-3.50.2-single-signed.apk
FDM-3.50.2-single-signed.apk	7963015	2026-10-05 05:31	out/FDM-3.50.2-single-signed.apk
FDM-3.50.2-single.apk	7946420	2026-10-05 05:31	out/FDM-3.50.2-single.apk
FDM-3.50.3-single-signed.apk	7963021	2026-10-05 05:46	FDM-3.50.3-single-signed.apk
FDM-3.50.3-single-signed.apk	7963021	2026-10-05 05:46	out/FDM-3.50.3-single-signed.apk
FDM-3.50.3-single.apk	7946670	2026-10-05 05:46	out/FDM-3.50.3-single.apk
FDM-3.50.4-single-signed.apk	7963015	2026-10-05 06:15	FDM-3.50.4-single-signed.apk
FDM-3.50.4-single-signed.apk	7963015	2026-10-05 06:15	out/FDM-3.50.4-single-signed.apk
FDM-3.50.4-single.apk	7947072	2026-10-05 06:15	out/FDM-3.50.4-single.apk
FDM-3.6.0-single-signed.apk	11963270	2026-09-26 01:12	out/FDM-3.6.0-single-signed.apk
FDM-3.6.0-single.apk	11944303	2026-09-26 01:12	out/FDM-3.6.0-single.apk
FDM-3.6.1-single-signed.apk	11963272	2026-09-26 01:14	out/FDM-3.6.1-single-signed.apk
FDM-3.6.1-single.apk	11944689	2026-09-26 01:14	out/FDM-3.6.1-single.apk
FDM-3.7.0-single-signed.apk	6136199	2026-09-26 01:37	out/FDM-3.7.0-single-signed.apk
FDM-3.7.0-single.apk	6117120	2026-09-26 01:37	out/FDM-3.7.0-single.apk
FDM-3.7.1-single-signed.apk	6136204	2026-09-26 01:40	out/FDM-3.7.1-single-signed.apk
FDM-3.7.1-single.apk	6117941	2026-09-26 01:40	out/FDM-3.7.1-single.apk
FDM-3.8.0-single-signed.apk	6156685	2026-09-26 01:48	out/FDM-3.8.0-single-signed.apk
FDM-3.8.0-single.apk	6138530	2026-09-26 01:48	out/FDM-3.8.0-single.apk
FDM-3.8.1-single-signed.apk	6156684	2026-09-26 01:53	out/FDM-3.8.1-single-signed.apk
FDM-3.8.1-single.apk	6138557	2026-09-26 01:53	out/FDM-3.8.1-single.apk
FDM-3.8.3-single-signed.apk	7553421	2026-09-26 02:04	out/FDM-3.8.3-single-signed.apk
FDM-3.8.3-single.apk	7537870	2026-09-26 02:04	out/FDM-3.8.3-single.apk
FDM-3.9.3-single-signed.apk	7811463	2026-09-26 03:43	out/FDM-3.9.3-single-signed.apk
FDM-3.9.3-single.apk	7795768	2026-09-26 03:43	out/FDM-3.9.3-single.apk
FDM-3.9.4-single-signed.apk	7811469	2026-09-26 04:21	out/FDM-3.9.4-single-signed.apk
FDM-3.9.4-single.apk	7796206	2026-09-26 04:21	out/FDM-3.9.4-single.apk
FDM-3.9.5-single-signed.apk	7823756	2026-09-26 04:41	out/FDM-3.9.5-single-signed.apk
FDM-3.9.5-single.apk	7807317	2026-09-26 04:41	out/FDM-3.9.5-single.apk
FDM-3.9.6-single-signed.apk	7823751	2026-09-26 04:45	out/FDM-3.9.6-single-signed.apk
FDM-3.9.6-single.apk	7807432	2026-09-26 04:45	out/FDM-3.9.6-single.apk
FDM-3.9.7-single-signed.apk	7840140	2026-09-26 05:03	out/FDM-3.9.7-single-signed.apk
FDM-3.9.7-single.apk	7822497	2026-09-26 05:03	out/FDM-3.9.7-single.apk
FDM-3.9.8-single-signed.apk	7840142	2026-09-26 05:14	out/FDM-3.9.8-single-signed.apk
FDM-3.9.8-single.apk	7822655	2026-09-26 05:14	out/FDM-3.9.8-single.apk
FDM-3.9.9-single-signed.apk	7840135	2026-09-26 05:27	out/FDM-3.9.9-single-signed.apk
FDM-3.9.9-single.apk	7825032	2026-09-26 05:27	out/FDM-3.9.9-single.apk
FDM-UI-2.0.apk	60599314	2026-09-25 16:01	fdm-app/work/FDM-UI-2.0.apk
FDM-UI-2.1.apk	4374738	2026-09-25 16:02	fdm-app/work/FDM-UI-2.1.apk
FDM-UI-2.2.apk	4374506	2026-09-25 16:07	fdm-app/work/FDM-UI-2.2.apk
FDM-UI-2.3.apk	4410082	2026-09-25 16:15	fdm-app/work/FDM-UI-2.3.apk
FDM-UI-2.4.apk	4410362	2026-09-25 16:18	fdm-app/work/FDM-UI-2.4.apk
FDM-UI-2.5.apk	4413883	2026-09-25 16:20	fdm-app/work/FDM-UI-2.5.apk
FDM-UI-2.6.apk	4414163	2026-09-25 16:21	fdm-app/work/FDM-UI-2.6.apk
FDM-UI-2.7.apk	4450959	2026-09-25 16:23	fdm-app/work/FDM-UI-2.7.apk
FDM-UI-2.8.apk	549817	2026-09-25 16:26	fdm-app/work/FDM-UI-2.8.apk
FDM-UI-2.9.apk	22390335	2026-09-25 16:29	fdm-app/work/FDM-UI-2.9.apk
FDM-UI-3.0.apk	36294951	2026-09-25 16:34	fdm-app/work/FDM-UI-3.0.apk
FDM-UI-3.10.0-signed.apk	7737560	2026-09-26 05:32	out/FDM-UI-3.10.0-signed.apk
FDM-UI-3.10.0.apk	7721013	2026-09-26 05:32	out/FDM-UI-3.10.0.apk
FDM-UI-3.10.1-signed.apk	7737560	2026-09-26 05:41	out/FDM-UI-3.10.1-signed.apk
FDM-UI-3.10.1.apk	7721012	2026-09-26 05:41	out/FDM-UI-3.10.1.apk
FDM-UI-3.10.2-signed.apk	7737560	2026-09-26 05:47	out/FDM-UI-3.10.2-signed.apk
FDM-UI-3.10.2.apk	7721229	2026-09-26 05:47	out/FDM-UI-3.10.2.apk
FDM-UI-3.10.3-signed.apk	7737562	2026-09-26 06:00	out/FDM-UI-3.10.3-signed.apk
FDM-UI-3.10.3.apk	7721458	2026-09-26 06:00	out/FDM-UI-3.10.3.apk
FDM-UI-3.10.4-signed.apk	7737555	2026-09-26 06:09	out/FDM-UI-3.10.4-signed.apk
FDM-UI-3.10.4.apk	7721407	2026-09-26 06:09	out/FDM-UI-3.10.4.apk
FDM-UI-3.10.6-signed.apk	7737561	2026-09-26 06:20	out/FDM-UI-3.10.6-signed.apk
FDM-UI-3.10.6.apk	7721315	2026-09-26 06:20	out/FDM-UI-3.10.6.apk
FDM-UI-3.10.7-signed.apk	7737561	2026-09-26 07:45	out/FDM-UI-3.10.7-signed.apk
FDM-UI-3.10.7.apk	7721315	2026-09-26 07:45	out/FDM-UI-3.10.7.apk
FDM-UI-3.10.8-signed.apk	7737561	2026-09-26 07:50	out/FDM-UI-3.10.8-signed.apk
FDM-UI-3.10.8.apk	7721329	2026-09-26 07:50	out/FDM-UI-3.10.8.apk
FDM-UI-3.10.9-signed.apk	7737561	2026-09-26 07:59	out/FDM-UI-3.10.9-signed.apk
FDM-UI-3.10.9.apk	7721329	2026-09-26 07:59	out/FDM-UI-3.10.9.apk
FDM-UI-3.11.0-signed.apk	7737555	2026-09-26 08:07	out/FDM-UI-3.11.0-signed.apk
FDM-UI-3.11.0.apk	7721586	2026-09-26 08:07	out/FDM-UI-3.11.0.apk
FDM-UI-3.11.1-signed.apk	7737555	2026-09-26 08:18	out/FDM-UI-3.11.1-signed.apk
FDM-UI-3.11.1.apk	7721586	2026-09-26 08:18	out/FDM-UI-3.11.1.apk
FDM-UI-3.11.2-signed.apk	7737562	2026-09-26 08:30	out/FDM-UI-3.11.2-signed.apk
FDM-UI-3.11.2.apk	7721778	2026-09-26 08:30	out/FDM-UI-3.11.2.apk
FDM-UI-3.11.3-signed.apk	7737560	2026-09-26 08:49	out/FDM-UI-3.11.3-signed.apk
FDM-UI-3.11.3.apk	7721356	2026-09-26 08:49	out/FDM-UI-3.11.3.apk
FDM-UI-3.11.4-signed.apk	7737555	2026-09-26 08:55	out/FDM-UI-3.11.4-signed.apk
FDM-UI-3.11.4.apk	7721303	2026-09-26 08:55	out/FDM-UI-3.11.4.apk
FDM-UI-3.11.5-signed.apk	7737561	2026-09-26 09:12	out/FDM-UI-3.11.5-signed.apk
FDM-UI-3.11.5.apk	7722058	2026-09-26 09:12	out/FDM-UI-3.11.5.apk
FDM-UI-3.11.6-signed.apk	7737561	2026-09-26 09:27	out/FDM-UI-3.11.6-signed.apk
FDM-UI-3.11.6.apk	7722658	2026-09-26 09:27	out/FDM-UI-3.11.6.apk
FDM-UI-3.11.7-signed.apk	7741657	2026-09-26 09:44	out/FDM-UI-3.11.7-signed.apk
FDM-UI-3.11.7.apk	7723613	2026-09-26 09:44	out/FDM-UI-3.11.7.apk
FDM-UI-3.11.8-signed.apk	7741656	2026-09-26 09:50	out/FDM-UI-3.11.8-signed.apk
FDM-UI-3.11.8.apk	7724763	2026-09-26 09:50	out/FDM-UI-3.11.8.apk
FDM-UI-3.11.9-signed.apk	7741651	2026-09-26 10:41	out/FDM-UI-3.11.9-signed.apk
FDM-UI-3.11.9.apk	7724735	2026-09-26 10:41	out/FDM-UI-3.11.9.apk
FDM-UI-3.12.0-signed.apk	7741651	2026-09-26 11:37	out/FDM-UI-3.12.0-signed.apk
FDM-UI-3.12.0.apk	7725383	2026-09-26 11:37	out/FDM-UI-3.12.0.apk
FDM-UI-3.12.1-signed.apk	7741657	2026-09-26 11:44	out/FDM-UI-3.12.1-signed.apk
FDM-UI-3.12.1.apk	7725988	2026-09-26 11:44	out/FDM-UI-3.12.1.apk
FDM-UI-3.12.2-signed.apk	7741658	2026-09-26 11:48	out/FDM-UI-3.12.2-signed.apk
FDM-UI-3.12.2.apk	7725770	2026-09-26 11:48	out/FDM-UI-3.12.2.apk
FDM-UI-3.12.3-signed.apk	7741651	2026-09-26 11:53	out/FDM-UI-3.12.3-signed.apk
FDM-UI-3.12.3.apk	7726182	2026-09-26 11:53	out/FDM-UI-3.12.3.apk
FDM-UI-3.12.4-signed.apk	7741657	2026-09-26 12:01	out/FDM-UI-3.12.4-signed.apk
FDM-UI-3.12.4.apk	7726180	2026-09-26 12:01	out/FDM-UI-3.12.4.apk
FDM-UI-3.12.5-signed.apk	7741651	2026-09-26 12:05	out/FDM-UI-3.12.5-signed.apk
FDM-UI-3.12.5.apk	7726327	2026-09-26 12:05	out/FDM-UI-3.12.5.apk
FDM-UI-3.12.6-signed.apk	7741656	2026-09-26 12:09	out/FDM-UI-3.12.6-signed.apk
FDM-UI-3.12.6.apk	7726292	2026-09-26 12:09	out/FDM-UI-3.12.6.apk
FDM-UI-3.13.0-signed.apk	7741656	2026-09-26 12:23	out/FDM-UI-3.13.0-signed.apk
FDM-UI-3.13.0.apk	7726433	2026-09-26 12:23	out/FDM-UI-3.13.0.apk
FDM-UI-3.14.0-signed.apk	7741656	2026-09-26 12:41	out/FDM-UI-3.14.0-signed.apk
FDM-UI-3.14.0.apk	7726433	2026-09-26 12:41	out/FDM-UI-3.14.0.apk
FDM-UI-3.15.0-signed.apk	7741656	2026-09-26 13:09	out/FDM-UI-3.15.0-signed.apk
FDM-UI-3.15.0.apk	7726434	2026-09-26 13:09	out/FDM-UI-3.15.0.apk
FDM-UI-3.16.0-signed.apk	7741656	2026-09-26 13:16	out/FDM-UI-3.16.0-signed.apk
FDM-UI-3.16.0.apk	7726435	2026-09-26 13:16	out/FDM-UI-3.16.0.apk
FDM-UI-3.17.0-signed.apk	7741656	2026-09-26 13:23	out/FDM-UI-3.17.0-signed.apk
FDM-UI-3.17.0.apk	7726435	2026-09-26 13:23	out/FDM-UI-3.17.0.apk
FDM-UI-3.18.0-signed.apk	7741656	2026-09-26 16:47	out/FDM-UI-3.18.0-signed.apk
FDM-UI-3.18.0.apk	7726434	2026-09-26 16:47	out/FDM-UI-3.18.0.apk
FDM-UI-3.19.0-signed.apk	7741656	2026-09-26 16:50	out/FDM-UI-3.19.0-signed.apk
FDM-UI-3.19.0.apk	7726433	2026-09-26 16:50	out/FDM-UI-3.19.0.apk
FDM-UI-3.20.0-signed.apk	7741656	2026-09-27 01:17	out/FDM-UI-3.20.0-signed.apk
FDM-UI-3.20.0.apk	7726435	2026-09-27 01:17	out/FDM-UI-3.20.0.apk
FDM-UI-3.21.0-signed.apk	7741656	2026-09-27 01:20	out/FDM-UI-3.21.0-signed.apk
FDM-UI-3.21.0.apk	7726435	2026-09-27 01:20	out/FDM-UI-3.21.0.apk
FDM-UI-3.22.0-signed.apk	7741656	2026-09-27 01:24	out/FDM-UI-3.22.0-signed.apk
FDM-UI-3.22.0.apk	7726433	2026-09-27 01:24	out/FDM-UI-3.22.0.apk
FDM-UI-3.23.0-signed.apk	7741656	2026-09-27 01:34	out/FDM-UI-3.23.0-signed.apk
FDM-UI-3.23.0.apk	7726433	2026-09-27 01:34	out/FDM-UI-3.23.0.apk
FDM-UI-3.24.0-signed.apk	7741656	2026-09-27 01:44	out/FDM-UI-3.24.0-signed.apk
FDM-UI-3.24.0.apk	7726436	2026-09-27 01:44	out/FDM-UI-3.24.0.apk
FDM-UI-3.25.0-signed.apk	7741657	2026-09-27 02:07	out/FDM-UI-3.25.0-signed.apk
FDM-UI-3.25.0.apk	7726733	2026-09-27 02:07	out/FDM-UI-3.25.0.apk
FDM-UI-3.26.0-signed.apk	7741657	2026-09-27 02:11	out/FDM-UI-3.26.0-signed.apk
FDM-UI-3.26.0.apk	7726732	2026-09-27 02:11	out/FDM-UI-3.26.0.apk
FDM-UI-3.27.0-signed.apk	7741657	2026-09-27 07:00	out/FDM-UI-3.27.0-signed.apk
FDM-UI-3.27.0.apk	7726733	2026-09-27 07:00	out/FDM-UI-3.27.0.apk
FDM-UI-3.27.5-signed.apk	7745747	2026-09-27 07:50	out/FDM-UI-3.27.5-signed.apk
FDM-UI-3.27.5.apk	7726899	2026-09-27 07:50	out/FDM-UI-3.27.5.apk
FDM-UI-3.28.0-signed.apk	7745747	2026-09-30 10:28	out/FDM-UI-3.28.0-signed.apk
FDM-UI-3.28.0.apk	7726897	2026-09-30 10:28	out/FDM-UI-3.28.0.apk
FDM-UI-3.28.1-signed.apk	7745747	2026-09-30 10:36	out/FDM-UI-3.28.1-signed.apk
FDM-UI-3.28.1.apk	7726899	2026-09-30 10:36	out/FDM-UI-3.28.1.apk
FDM-UI-3.28.2-signed.apk	7745752	2026-09-30 10:44	out/FDM-UI-3.28.2-signed.apk
FDM-UI-3.28.2.apk	7726906	2026-09-30 10:44	out/FDM-UI-3.28.2.apk
FDM-UI-3.28.3-signed.apk	7745752	2026-09-30 11:00	out/FDM-UI-3.28.3-signed.apk
FDM-UI-3.28.3.apk	7727115	2026-09-30 11:00	out/FDM-UI-3.28.3.apk
FDM-UI-3.28.4-signed.apk	7745753	2026-09-30 11:23	out/FDM-UI-3.28.4-signed.apk
FDM-UI-3.28.4.apk	7727115	2026-09-30 11:23	out/FDM-UI-3.28.4.apk
FDM-UI-3.28.5-signed.apk	7745747	2026-09-30 11:31	out/FDM-UI-3.28.5-signed.apk
FDM-UI-3.28.5.apk	7727398	2026-09-30 11:31	out/FDM-UI-3.28.5.apk
FDM-UI-3.28.6-signed.apk	7745747	2026-09-30 11:40	out/FDM-UI-3.28.6-signed.apk
FDM-UI-3.28.6.apk	7727398	2026-09-30 11:40	out/FDM-UI-3.28.6.apk
FDM-UI-3.29.0-signed.apk	7745754	2026-09-30 11:58	out/FDM-UI-3.29.0-signed.apk
FDM-UI-3.29.0.apk	7728053	2026-09-30 11:58	out/FDM-UI-3.29.0.apk
FDM-UI-3.29.1-signed.apk	7745752	2026-09-30 12:09	out/FDM-UI-3.29.1-signed.apk
FDM-UI-3.29.1.apk	7728354	2026-09-30 12:09	out/FDM-UI-3.29.1.apk
FDM-UI-3.29.2-signed.apk	7745752	2026-09-30 12:13	out/FDM-UI-3.29.2-signed.apk
FDM-UI-3.29.2.apk	7728355	2026-09-30 12:13	out/FDM-UI-3.29.2.apk
FDM-UI-3.29.3-signed.apk	7745752	2026-09-30 12:17	out/FDM-UI-3.29.3-signed.apk
FDM-UI-3.29.3.apk	7728355	2026-09-30 12:17	out/FDM-UI-3.29.3.apk
FDM-UI-3.29.4-signed.apk	7745752	2026-09-30 12:22	out/FDM-UI-3.29.4-signed.apk
FDM-UI-3.29.4.apk	7728354	2026-09-30 12:22	out/FDM-UI-3.29.4.apk
FDM-UI-3.29.5-signed.apk	7745752	2026-09-30 12:26	out/FDM-UI-3.29.5-signed.apk
FDM-UI-3.29.5.apk	7728356	2026-09-30 12:26	out/FDM-UI-3.29.5.apk
FDM-UI-3.29.6-signed.apk	7745752	2026-09-30 12:31	out/FDM-UI-3.29.6-signed.apk
FDM-UI-3.29.6.apk	7728356	2026-09-30 12:31	out/FDM-UI-3.29.6.apk
FDM-UI-3.29.7-signed.apk	7745752	2026-09-30 12:35	out/FDM-UI-3.29.7-signed.apk
FDM-UI-3.29.7.apk	7728356	2026-09-30 12:35	out/FDM-UI-3.29.7.apk
FDM-UI-3.29.8-signed.apk	7745752	2026-09-30 12:39	out/FDM-UI-3.29.8-signed.apk
FDM-UI-3.29.8.apk	7728354	2026-09-30 12:39	out/FDM-UI-3.29.8.apk
FDM-UI-3.29.9-signed.apk	7745752	2026-09-30 12:43	out/FDM-UI-3.29.9-signed.apk
FDM-UI-3.29.9.apk	7728355	2026-09-30 12:43	out/FDM-UI-3.29.9.apk
FDM-UI-3.30.0-signed.apk	7745753	2026-09-30 12:47	out/FDM-UI-3.30.0-signed.apk
FDM-UI-3.30.0.apk	7728310	2026-09-30 12:47	out/FDM-UI-3.30.0.apk
FDM-UI-3.30.1-signed.apk	7745753	2026-09-30 12:55	out/FDM-UI-3.30.1-signed.apk
FDM-UI-3.30.1.apk	7728311	2026-09-30 12:55	out/FDM-UI-3.30.1.apk
FDM-UI-3.30.2-signed.apk	7745753	2026-09-30 13:02	out/FDM-UI-3.30.2-signed.apk
FDM-UI-3.30.2.apk	7728311	2026-09-30 13:02	out/FDM-UI-3.30.2.apk
FDM-UI-3.30.3-signed.apk	7745753	2026-09-30 13:09	out/FDM-UI-3.30.3-signed.apk
FDM-UI-3.30.3.apk	7728310	2026-09-30 13:09	out/FDM-UI-3.30.3.apk
FDM-UI-3.30.5-signed.apk	7745753	2026-09-30 13:14	out/FDM-UI-3.30.5-signed.apk
FDM-UI-3.30.5.apk	7728311	2026-09-30 13:14	out/FDM-UI-3.30.5.apk
FDM-UI-3.30.6-signed.apk	7745753	2026-09-30 13:20	out/FDM-UI-3.30.6-signed.apk
FDM-UI-3.30.6.apk	7728311	2026-09-30 13:20	out/FDM-UI-3.30.6.apk
FDM-UI-3.30.7-signed.apk	7745753	2026-09-30 13:27	out/FDM-UI-3.30.7-signed.apk
FDM-UI-3.30.7.apk	7728311	2026-09-30 13:27	out/FDM-UI-3.30.7.apk
FDM-UI-3.30.8-signed.apk	7745753	2026-09-30 13:30	out/FDM-UI-3.30.8-signed.apk
FDM-UI-3.30.8.apk	7728310	2026-09-30 13:30	out/FDM-UI-3.30.8.apk
FDM-UI-3.30.9-signed.apk	7745753	2026-09-30 14:22	out/FDM-UI-3.30.9-signed.apk
FDM-UI-3.30.9.apk	7728312	2026-09-30 14:22	out/FDM-UI-3.30.9.apk
FDM-UI-3.31.0-signed.apk	7745753	2026-09-30 14:27	out/FDM-UI-3.31.0-signed.apk
FDM-UI-3.31.0.apk	7728311	2026-09-30 14:27	out/FDM-UI-3.31.0.apk
FDM-UI-3.31.1-signed.apk	7745753	2026-09-30 14:30	out/FDM-UI-3.31.1-signed.apk
FDM-UI-3.31.1.apk	7728311	2026-09-30 14:30	out/FDM-UI-3.31.1.apk
FDM-UI-3.31.2-signed.apk	7745753	2026-09-30 14:34	out/FDM-UI-3.31.2-signed.apk
FDM-UI-3.31.2.apk	7728311	2026-09-30 14:34	out/FDM-UI-3.31.2.apk
FDM-UI-3.31.3-signed.apk	7745753	2026-09-30 14:37	out/FDM-UI-3.31.3-signed.apk
FDM-UI-3.31.3.apk	7728310	2026-09-30 14:37	out/FDM-UI-3.31.3.apk
FDM-UI-3.31.4-signed.apk	7745753	2026-09-30 14:41	out/FDM-UI-3.31.4-signed.apk
FDM-UI-3.31.4.apk	7728310	2026-09-30 14:41	out/FDM-UI-3.31.4.apk
FDM-UI-3.31.5-signed.apk	7745753	2026-09-30 14:44	out/FDM-UI-3.31.5-signed.apk
FDM-UI-3.31.5.apk	7728311	2026-09-30 14:44	out/FDM-UI-3.31.5.apk
FDM-UI-3.31.6-signed.apk	7745753	2026-09-30 14:48	out/FDM-UI-3.31.6-signed.apk
FDM-UI-3.31.6.apk	7728312	2026-09-30 14:48	out/FDM-UI-3.31.6.apk
FDM-UI-3.31.7-signed.apk	7745753	2026-09-30 14:54	out/FDM-UI-3.31.7-signed.apk
FDM-UI-3.31.7.apk	7728312	2026-09-30 14:54	out/FDM-UI-3.31.7.apk
FDM-UI-3.32.0-signed.apk	7745753	2026-09-30 15:02	out/FDM-UI-3.32.0-signed.apk
FDM-UI-3.32.0.apk	7728312	2026-09-30 15:02	out/FDM-UI-3.32.0.apk
FDM-UI-3.32.1-signed.apk	7745747	2026-09-30 15:09	out/FDM-UI-3.32.1-signed.apk
FDM-UI-3.32.1.apk	7728082	2026-09-30 15:09	out/FDM-UI-3.32.1.apk
FDM-UI-3.32.3-signed.apk	7745747	2026-09-30 15:15	out/FDM-UI-3.32.3-signed.apk
FDM-UI-3.32.3.apk	7728080	2026-09-30 15:15	out/FDM-UI-3.32.3.apk
FDM-UI-3.32.4-signed.apk	7745747	2026-09-30 15:18	out/FDM-UI-3.32.4-signed.apk
FDM-UI-3.32.4.apk	7728080	2026-09-30 15:18	out/FDM-UI-3.32.4.apk
FDM-UI-3.32.5-signed.apk	7745747	2026-09-30 15:27	out/FDM-UI-3.32.5-signed.apk
FDM-UI-3.32.5.apk	7728081	2026-09-30 15:27	out/FDM-UI-3.32.5.apk
FDM-UI-3.33.0-signed.apk	7745747	2026-09-30 15:32	out/FDM-UI-3.33.0-signed.apk
FDM-UI-3.33.0.apk	7728524	2026-09-30 15:32	out/FDM-UI-3.33.0.apk
FDM-UI-3.33.1-signed.apk	7745747	2026-09-30 15:36	out/FDM-UI-3.33.1-signed.apk
FDM-UI-3.33.1.apk	7728524	2026-09-30 15:36	out/FDM-UI-3.33.1.apk
FDM-UI-3.33.2-signed.apk	7745747	2026-09-30 15:43	out/FDM-UI-3.33.2-signed.apk
FDM-UI-3.33.2.apk	7728524	2026-09-30 15:43	out/FDM-UI-3.33.2.apk
FDM-UI-3.34.0-signed.apk	7745752	2026-09-30 15:50	out/FDM-UI-3.34.0-signed.apk
FDM-UI-3.34.0.apk	7728929	2026-09-30 15:50	out/FDM-UI-3.34.0.apk
FDM-UI-3.34.1-signed.apk	7745754	2026-09-30 15:57	out/FDM-UI-3.34.1-signed.apk
FDM-UI-3.34.1.apk	7729527	2026-09-30 15:57	out/FDM-UI-3.34.1.apk
FDM-UI-3.35.0-signed.apk	7745753	2026-09-30 16:08	out/FDM-UI-3.35.0-signed.apk
FDM-UI-3.35.0.apk	7729771	2026-09-30 16:08	out/FDM-UI-3.35.0.apk
FDM-UI-3.36.0-signed.apk	7762131	2026-09-30 16:15	out/FDM-UI-3.36.0-signed.apk
FDM-UI-3.36.0.apk	7743305	2026-09-30 16:15	out/FDM-UI-3.36.0.apk
FDM-UI-3.37.0-signed.apk	7762131	2026-09-30 16:25	out/FDM-UI-3.37.0-signed.apk
FDM-UI-3.37.0.apk	7743305	2026-09-30 16:25	out/FDM-UI-3.37.0.apk
FDM-UI-3.38.0-signed.apk	7762131	2026-09-30 16:28	out/FDM-UI-3.38.0-signed.apk
FDM-UI-3.38.0.apk	7743304	2026-09-30 16:28	out/FDM-UI-3.38.0.apk
FDM-UI-3.38.1-signed.apk	7762131	2026-09-30 16:32	out/FDM-UI-3.38.1-signed.apk
FDM-UI-3.38.1.apk	7743305	2026-09-30 16:32	out/FDM-UI-3.38.1.apk
FDM-UI-3.38.2-signed.apk	7762131	2026-09-30 16:36	out/FDM-UI-3.38.2-signed.apk
FDM-UI-3.38.2.apk	7743304	2026-09-30 16:36	out/FDM-UI-3.38.2.apk
FDM-UI-3.38.3-signed.apk	7762131	2026-09-30 16:42	out/FDM-UI-3.38.3-signed.apk
FDM-UI-3.38.3.apk	7743303	2026-09-30 16:42	out/FDM-UI-3.38.3.apk
FDM-UI-3.38.4-signed.apk	7762131	2026-09-30 16:48	out/FDM-UI-3.38.4-signed.apk
FDM-UI-3.38.4.apk	7743304	2026-09-30 16:48	out/FDM-UI-3.38.4.apk
FDM-UI-3.38.5-signed.apk	7762131	2026-09-30 16:58	out/FDM-UI-3.38.5-signed.apk
FDM-UI-3.38.5.apk	7743537	2026-09-30 16:58	out/FDM-UI-3.38.5.apk
FDM-UI-3.39.0-signed.apk	7762137	2026-09-30 17:04	out/FDM-UI-3.39.0-signed.apk
FDM-UI-3.39.0.apk	7743302	2026-09-30 17:04	out/FDM-UI-3.39.0.apk
FDM-UI-3.40.0-signed.apk	7762137	2026-09-30 17:10	out/FDM-UI-3.40.0-signed.apk
FDM-UI-3.40.0.apk	7743303	2026-09-30 17:09	out/FDM-UI-3.40.0.apk
FDM-UI-3.40.1-signed.apk	7762138	2026-09-30 17:17	out/FDM-UI-3.40.1-signed.apk
FDM-UI-3.40.1.apk	7743480	2026-09-30 17:17	out/FDM-UI-3.40.1.apk
FDM-UI-3.40.2-signed.apk	7762138	2026-09-30 17:23	out/FDM-UI-3.40.2-signed.apk
FDM-UI-3.40.2.apk	7743480	2026-09-30 17:23	out/FDM-UI-3.40.2.apk
FDM-UI-3.41.0-signed.apk	7762136	2026-09-30 17:38	out/FDM-UI-3.41.0-signed.apk
FDM-UI-3.41.0.apk	7743338	2026-09-30 17:38	out/FDM-UI-3.41.0.apk
FDM-UI-3.42.0-signed.apk	7762136	2026-09-30 18:49	out/FDM-UI-3.42.0-signed.apk
FDM-UI-3.42.0.apk	7743338	2026-09-30 18:49	out/FDM-UI-3.42.0.apk
FDM-UI-3.42.1-signed.apk	7762136	2026-09-30 18:52	out/FDM-UI-3.42.1-signed.apk
FDM-UI-3.42.1.apk	7743337	2026-09-30 18:52	out/FDM-UI-3.42.1.apk
FDM-UI-3.42.10-signed.apk	7762136	2026-09-30 20:26	out/FDM-UI-3.42.10-signed.apk
FDM-UI-3.42.10.apk	7743342	2026-09-30 20:26	out/FDM-UI-3.42.10.apk
FDM-UI-3.42.11-signed.apk	7762136	2026-09-30 20:34	out/FDM-UI-3.42.11-signed.apk
FDM-UI-3.42.11.apk	7743341	2026-09-30 20:34	out/FDM-UI-3.42.11.apk
FDM-UI-3.42.12-signed.apk	7762136	2026-09-30 20:36	out/FDM-UI-3.42.12-signed.apk
FDM-UI-3.42.12.apk	7743342	2026-09-30 20:36	out/FDM-UI-3.42.12.apk
FDM-UI-3.42.13-signed.apk	7762136	2026-10-01 02:55	out/FDM-UI-3.42.13-signed.apk
FDM-UI-3.42.13.apk	7743341	2026-10-01 02:55	out/FDM-UI-3.42.13.apk
FDM-UI-3.42.14-signed.apk	7762136	2026-10-01 02:59	out/FDM-UI-3.42.14-signed.apk
FDM-UI-3.42.14.apk	7743339	2026-10-01 02:59	out/FDM-UI-3.42.14.apk
FDM-UI-3.42.15-signed.apk	7762136	2026-10-01 03:04	out/FDM-UI-3.42.15-signed.apk
FDM-UI-3.42.15.apk	7743342	2026-10-01 03:04	out/FDM-UI-3.42.15.apk
FDM-UI-3.42.16-signed.apk	7762136	2026-10-01 03:09	out/FDM-UI-3.42.16-signed.apk
FDM-UI-3.42.16.apk	7743342	2026-10-01 03:09	out/FDM-UI-3.42.16.apk
FDM-UI-3.42.17-signed.apk	7762136	2026-10-01 03:13	out/FDM-UI-3.42.17-signed.apk
FDM-UI-3.42.17.apk	7743342	2026-10-01 03:13	out/FDM-UI-3.42.17.apk
FDM-UI-3.42.18-signed.apk	7762136	2026-10-01 03:30	out/FDM-UI-3.42.18-signed.apk
FDM-UI-3.42.18.apk	7743342	2026-10-01 03:30	out/FDM-UI-3.42.18.apk
FDM-UI-3.42.19-signed.apk	7762136	2026-10-01 03:35	out/FDM-UI-3.42.19-signed.apk
FDM-UI-3.42.19.apk	7743342	2026-10-01 03:35	out/FDM-UI-3.42.19.apk
FDM-UI-3.42.2-signed.apk	7762136	2026-09-30 19:00	out/FDM-UI-3.42.2-signed.apk
FDM-UI-3.42.2.apk	7743338	2026-09-30 19:00	out/FDM-UI-3.42.2.apk
FDM-UI-3.42.20-signed.apk	7762136	2026-10-01 03:42	out/FDM-UI-3.42.20-signed.apk
FDM-UI-3.42.20.apk	7743342	2026-10-01 03:42	out/FDM-UI-3.42.20.apk
FDM-UI-3.42.21-signed.apk	7762136	2026-10-01 13:03	out/FDM-UI-3.42.21-signed.apk
FDM-UI-3.42.21.apk	7743341	2026-10-01 13:03	out/FDM-UI-3.42.21.apk
FDM-UI-3.42.22-signed.apk	7762136	2026-10-01 13:46	out/FDM-UI-3.42.22-signed.apk
FDM-UI-3.42.22.apk	7743342	2026-10-01 13:46	out/FDM-UI-3.42.22.apk
FDM-UI-3.42.23-signed.apk	7762136	2026-10-01 14:24	out/FDM-UI-3.42.23-signed.apk
FDM-UI-3.42.23.apk	7743342	2026-10-01 14:24	out/FDM-UI-3.42.23.apk
FDM-UI-3.42.24-signed.apk	7762136	2026-10-01 14:33	out/FDM-UI-3.42.24-signed.apk
FDM-UI-3.42.24.apk	7743340	2026-10-01 14:33	out/FDM-UI-3.42.24.apk
FDM-UI-3.42.25-signed.apk	7762136	2026-10-01 14:47	out/FDM-UI-3.42.25-signed.apk
FDM-UI-3.42.25.apk	7743342	2026-10-01 14:47	out/FDM-UI-3.42.25.apk
FDM-UI-3.42.26-signed.apk	7762136	2026-10-01 14:50	out/FDM-UI-3.42.26-signed.apk
FDM-UI-3.42.26.apk	7743342	2026-10-01 14:50	out/FDM-UI-3.42.26.apk
FDM-UI-3.42.27-signed.apk	7762136	2026-10-01 14:59	out/FDM-UI-3.42.27-signed.apk
FDM-UI-3.42.27.apk	7743342	2026-10-01 14:59	out/FDM-UI-3.42.27.apk
FDM-UI-3.42.28-signed.apk	7762136	2026-10-01 15:06	out/FDM-UI-3.42.28-signed.apk
FDM-UI-3.42.28.apk	7743343	2026-10-01 15:06	out/FDM-UI-3.42.28.apk
FDM-UI-3.42.29-signed.apk	7762136	2026-10-01 15:16	out/FDM-UI-3.42.29-signed.apk
FDM-UI-3.42.29.apk	7743343	2026-10-01 15:16	out/FDM-UI-3.42.29.apk
FDM-UI-3.42.3-signed.apk	7762136	2026-09-30 19:08	out/FDM-UI-3.42.3-signed.apk
FDM-UI-3.42.3.apk	7743338	2026-09-30 19:08	out/FDM-UI-3.42.3.apk
FDM-UI-3.42.30-signed.apk	7762136	2026-10-01 15:25	out/FDM-UI-3.42.30-signed.apk
FDM-UI-3.42.30.apk	7743343	2026-10-01 15:25	out/FDM-UI-3.42.30.apk
FDM-UI-3.42.31-signed.apk	7762136	2026-10-01 15:36	out/FDM-UI-3.42.31-signed.apk
FDM-UI-3.42.31.apk	7743343	2026-10-01 15:36	out/FDM-UI-3.42.31.apk
FDM-UI-3.42.32-signed.apk	7762136	2026-10-01 15:46	out/FDM-UI-3.42.32-signed.apk
FDM-UI-3.42.32.apk	7743342	2026-10-01 15:46	out/FDM-UI-3.42.32.apk
FDM-UI-3.42.33-signed.apk	7762136	2026-10-01 15:54	out/FDM-UI-3.42.33-signed.apk
FDM-UI-3.42.33.apk	7743341	2026-10-01 15:54	out/FDM-UI-3.42.33.apk
FDM-UI-3.42.34-signed.apk	7762136	2026-10-01 16:52	out/FDM-UI-3.42.34-signed.apk
FDM-UI-3.42.34.apk	7743340	2026-10-01 16:52	out/FDM-UI-3.42.34.apk
FDM-UI-3.42.35-signed.apk	7762136	2026-10-01 17:13	out/FDM-UI-3.42.35-signed.apk
FDM-UI-3.42.35.apk	7743342	2026-10-01 17:13	out/FDM-UI-3.42.35.apk
FDM-UI-3.42.36-signed.apk	7762136	2026-10-01 17:22	out/FDM-UI-3.42.36-signed.apk
FDM-UI-3.42.36.apk	7743342	2026-10-01 17:22	out/FDM-UI-3.42.36.apk
FDM-UI-3.42.37-signed.apk	7762138	2026-10-02 02:28	out/FDM-UI-3.42.37-signed.apk
FDM-UI-3.42.37.apk	7743888	2026-10-02 02:28	out/FDM-UI-3.42.37.apk
FDM-UI-3.42.38-signed.apk	7762131	2026-10-02 02:46	out/FDM-UI-3.42.38-signed.apk
FDM-UI-3.42.38.apk	7744145	2026-10-02 02:46	out/FDM-UI-3.42.38.apk
FDM-UI-3.42.39-signed.apk	7762131	2026-10-02 02:48	out/FDM-UI-3.42.39-signed.apk
FDM-UI-3.42.39.apk	7744145	2026-10-02 02:48	out/FDM-UI-3.42.39.apk
FDM-UI-3.42.4-signed.apk	7762136	2026-09-30 19:14	out/FDM-UI-3.42.4-signed.apk
FDM-UI-3.42.4.apk	7743338	2026-09-30 19:14	out/FDM-UI-3.42.4.apk
FDM-UI-3.42.40-signed.apk	7762138	2026-10-02 02:55	out/FDM-UI-3.42.40-signed.apk
FDM-UI-3.42.40.apk	7743887	2026-10-02 02:55	out/FDM-UI-3.42.40.apk
FDM-UI-3.42.41-signed.apk	7762138	2026-10-02 03:02	out/FDM-UI-3.42.41-signed.apk
FDM-UI-3.42.41.apk	7743887	2026-10-02 03:02	out/FDM-UI-3.42.41.apk
FDM-UI-3.42.42-signed.apk	7762137	2026-10-02 03:11	out/FDM-UI-3.42.42-signed.apk
FDM-UI-3.42.42.apk	7743977	2026-10-02 03:11	out/FDM-UI-3.42.42.apk
FDM-UI-3.42.43-signed.apk	7762137	2026-10-02 03:33	out/FDM-UI-3.42.43-signed.apk
FDM-UI-3.42.43.apk	7743978	2026-10-02 03:33	out/FDM-UI-3.42.43.apk
FDM-UI-3.42.44-signed.apk	7762137	2026-10-02 03:38	out/FDM-UI-3.42.44-signed.apk
FDM-UI-3.42.44.apk	7743978	2026-10-02 03:37	out/FDM-UI-3.42.44.apk
FDM-UI-3.42.45-signed.apk	7762137	2026-10-02 03:47	out/FDM-UI-3.42.45-signed.apk
FDM-UI-3.42.45.apk	7743977	2026-10-02 03:47	out/FDM-UI-3.42.45.apk
FDM-UI-3.42.46-signed.apk	7762137	2026-10-02 07:05	out/FDM-UI-3.42.46-signed.apk
FDM-UI-3.42.46.apk	7743978	2026-10-02 07:05	out/FDM-UI-3.42.46.apk
FDM-UI-3.42.47-signed.apk	7762137	2026-10-02 07:12	out/FDM-UI-3.42.47-signed.apk
FDM-UI-3.42.47.apk	7743977	2026-10-02 07:12	out/FDM-UI-3.42.47.apk
FDM-UI-3.42.48-signed.apk	7762137	2026-10-02 07:23	out/FDM-UI-3.42.48-signed.apk
FDM-UI-3.42.48.apk	7743978	2026-10-02 07:23	out/FDM-UI-3.42.48.apk
FDM-UI-3.42.49-signed.apk	7762137	2026-10-02 09:44	out/FDM-UI-3.42.49-signed.apk
FDM-UI-3.42.49.apk	7743978	2026-10-02 09:44	out/FDM-UI-3.42.49.apk
FDM-UI-3.42.5-signed.apk	7762136	2026-09-30 19:42	out/FDM-UI-3.42.5-signed.apk
FDM-UI-3.42.5.apk	7743339	2026-09-30 19:42	out/FDM-UI-3.42.5.apk
FDM-UI-3.42.50-signed.apk	7762137	2026-10-02 10:26	out/FDM-UI-3.42.50-signed.apk
FDM-UI-3.42.50.apk	7743979	2026-10-02 10:26	out/FDM-UI-3.42.50.apk
FDM-UI-3.42.51-signed.apk	7762137	2026-10-02 12:05	out/FDM-UI-3.42.51-signed.apk
FDM-UI-3.42.51.apk	7744062	2026-10-02 12:05	out/FDM-UI-3.42.51.apk
FDM-UI-3.42.52-signed.apk	7762137	2026-10-02 12:21	out/FDM-UI-3.42.52-signed.apk
FDM-UI-3.42.52.apk	7744167	2026-10-02 12:21	out/FDM-UI-3.42.52.apk
FDM-UI-3.42.53-signed.apk	7762131	2026-10-02 12:33	out/FDM-UI-3.42.53-signed.apk
FDM-UI-3.42.53.apk	7744165	2026-10-02 12:33	out/FDM-UI-3.42.53.apk
FDM-UI-3.42.54-signed.apk	7762131	2026-10-02 12:58	out/FDM-UI-3.42.54-signed.apk
FDM-UI-3.42.54.apk	7744164	2026-10-02 12:58	out/FDM-UI-3.42.54.apk
FDM-UI-3.42.55-signed.apk	7762131	2026-10-02 18:41	out/FDM-UI-3.42.55-signed.apk
FDM-UI-3.42.55.apk	7744165	2026-10-02 18:41	out/FDM-UI-3.42.55.apk
FDM-UI-3.42.56-signed.apk	7762131	2026-10-02 18:50	out/FDM-UI-3.42.56-signed.apk
FDM-UI-3.42.56.apk	7744165	2026-10-02 18:50	out/FDM-UI-3.42.56.apk
FDM-UI-3.42.57-signed.apk	7762131	2026-10-02 18:58	out/FDM-UI-3.42.57-signed.apk
FDM-UI-3.42.57.apk	7744165	2026-10-02 18:58	out/FDM-UI-3.42.57.apk
FDM-UI-3.42.6-signed.apk	7762136	2026-09-30 20:06	out/FDM-UI-3.42.6-signed.apk
FDM-UI-3.42.6.apk	7743339	2026-09-30 20:06	out/FDM-UI-3.42.6.apk
FDM-UI-3.42.7-signed.apk	7762136	2026-09-30 20:10	out/FDM-UI-3.42.7-signed.apk
FDM-UI-3.42.7.apk	7743338	2026-09-30 20:10	out/FDM-UI-3.42.7.apk
FDM-UI-3.42.8-signed.apk	7762136	2026-09-30 20:18	out/FDM-UI-3.42.8-signed.apk
FDM-UI-3.42.8.apk	7743337	2026-09-30 20:17	out/FDM-UI-3.42.8.apk
FDM-UI-3.42.9-signed.apk	7762136	2026-09-30 20:21	out/FDM-UI-3.42.9-signed.apk
FDM-UI-3.42.9.apk	7743337	2026-09-30 20:21	out/FDM-UI-3.42.9.apk
FDM-UI-3.43.0-signed.apk	7762131	2026-10-02 19:04	out/FDM-UI-3.43.0-signed.apk
FDM-UI-3.43.0.apk	7744161	2026-10-02 19:04	out/FDM-UI-3.43.0.apk
FDM-UI-3.43.1-signed.apk	7762131	2026-10-02 19:10	out/FDM-UI-3.43.1-signed.apk
FDM-UI-3.43.1.apk	7744160	2026-10-02 19:10	out/FDM-UI-3.43.1.apk
FDM-UI-3.43.2-probe-signed.apk	7762136	2026-10-02 19:23	out/FDM-UI-3.43.2-probe-signed.apk
FDM-UI-3.43.2-probe.apk	7744393	2026-10-02 19:23	out/FDM-UI-3.43.2-probe.apk
FDM-UI-3.43.3-probe2-signed.apk	7762136	2026-10-02 19:30	out/FDM-UI-3.43.3-probe2-signed.apk
FDM-UI-3.43.3-probe2.apk	7744400	2026-10-02 19:30	out/FDM-UI-3.43.3-probe2.apk
FDM-UI-3.43.4-probe3-signed.apk	7762136	2026-10-02 19:35	out/FDM-UI-3.43.4-probe3-signed.apk
FDM-UI-3.43.4-probe3.apk	7744399	2026-10-02 19:35	out/FDM-UI-3.43.4-probe3.apk
FDM-UI-3.43.5-signed.apk	7762136	2026-10-02 19:49	out/FDM-UI-3.43.5-signed.apk
FDM-UI-3.43.5.apk	7744395	2026-10-02 19:49	out/FDM-UI-3.43.5.apk
FDM-UI-3.43.6-signed.apk	7762136	2026-10-02 20:02	out/FDM-UI-3.43.6-signed.apk
FDM-UI-3.43.6.apk	7744394	2026-10-02 20:02	out/FDM-UI-3.43.6.apk
FDM-UI-3.43.7-signed.apk	7762136	2026-10-02 20:08	out/FDM-UI-3.43.7-signed.apk
FDM-UI-3.43.7.apk	7744394	2026-10-02 20:08	out/FDM-UI-3.43.7.apk
FDM-UI-3.43.8-signed.apk	7762136	2026-10-02 20:14	out/FDM-UI-3.43.8-signed.apk
FDM-UI-3.43.8.apk	7744393	2026-10-02 20:14	out/FDM-UI-3.43.8.apk
FDM-UI-3.43.9-signed.apk	7762131	2026-10-02 20:19	out/FDM-UI-3.43.9-signed.apk
FDM-UI-3.43.9.apk	7744372	2026-10-02 20:19	out/FDM-UI-3.43.9.apk
FDM-UI-3.44.0-signed.apk	7762138	2026-10-02 20:30	out/FDM-UI-3.44.0-signed.apk
FDM-UI-3.44.0.apk	7744520	2026-10-02 20:30	out/FDM-UI-3.44.0.apk
FDM-UI-3.44.1-signed.apk	7762138	2026-10-03 06:28	out/FDM-UI-3.44.1-signed.apk
FDM-UI-3.44.1.apk	7745420	2026-10-03 06:28	out/FDM-UI-3.44.1.apk
FDM-UI-3.44.2-signed.apk	7762138	2026-10-03 08:01	out/FDM-UI-3.44.2-signed.apk
FDM-UI-3.44.2.apk	7745420	2026-10-03 08:01	out/FDM-UI-3.44.2.apk
FDM-UI-3.44.3-signed.apk	7762136	2026-10-03 08:15	out/FDM-UI-3.44.3-signed.apk
FDM-UI-3.44.3.apk	7746654	2026-10-03 08:15	out/FDM-UI-3.44.3.apk
FDM-UI-3.44.4-signed.apk	7762136	2026-10-03 08:22	out/FDM-UI-3.44.4-signed.apk
FDM-UI-3.44.4.apk	7747081	2026-10-03 08:22	out/FDM-UI-3.44.4.apk
FDM-UI-3.44.5-signed.apk	7762136	2026-10-03 09:23	out/FDM-UI-3.44.5-signed.apk
FDM-UI-3.44.5.apk	7747083	2026-10-03 09:23	out/FDM-UI-3.44.5.apk
FDM-UI-3.44.6-signed.apk	7762136	2026-10-03 09:39	out/FDM-UI-3.44.6-signed.apk
FDM-UI-3.44.6.apk	7747234	2026-10-03 09:39	out/FDM-UI-3.44.6.apk
FDM-UI-3.44.7-signed.apk	7762136	2026-10-03 09:50	out/FDM-UI-3.44.7-signed.apk
FDM-UI-3.44.7.apk	7747235	2026-10-03 09:50	out/FDM-UI-3.44.7.apk
FDM-UI-3.44.8-signed.apk	7762136	2026-10-03 10:03	out/FDM-UI-3.44.8-signed.apk
FDM-UI-3.44.8.apk	7747233	2026-10-03 10:03	out/FDM-UI-3.44.8.apk
FDM-UI-3.44.9-signed.apk	7762136	2026-10-03 10:09	out/FDM-UI-3.44.9-signed.apk
FDM-UI-3.44.9.apk	7747234	2026-10-03 10:09	out/FDM-UI-3.44.9.apk
FDM-UI-3.45.0-signed.apk	7762136	2026-10-03 10:15	out/FDM-UI-3.45.0-signed.apk
FDM-UI-3.45.0.apk	7747235	2026-10-03 10:15	out/FDM-UI-3.45.0.apk
FDM-UI-3.45.1-signed.apk	7766233	2026-10-03 14:48	out/FDM-UI-3.45.1-signed.apk
FDM-UI-3.45.1.apk	7748640	2026-10-03 14:48	out/FDM-UI-3.45.1.apk
FDM-UI-3.45.2-signed.apk	7766233	2026-10-03 15:23	out/FDM-UI-3.45.2-signed.apk
FDM-UI-3.45.2.apk	7749087	2026-10-03 15:23	out/FDM-UI-3.45.2.apk
FDM-UI-3.45.3-signed.apk	7766233	2026-10-03 15:28	out/FDM-UI-3.45.3-signed.apk
FDM-UI-3.45.3.apk	7749088	2026-10-03 15:28	out/FDM-UI-3.45.3.apk
FDM-UI-3.45.4-signed.apk	7766233	2026-10-03 15:31	out/FDM-UI-3.45.4-signed.apk
FDM-UI-3.45.4.apk	7749087	2026-10-03 15:31	out/FDM-UI-3.45.4.apk
FDM-UI-3.46.0-signed.apk	7766232	2026-10-04 09:33	out/FDM-UI-3.46.0-signed.apk
FDM-UI-3.46.0.apk	7749839	2026-10-04 09:33	out/FDM-UI-3.46.0.apk
FDM-UI-3.46.1-signed.apk	7766232	2026-10-04 09:39	out/FDM-UI-3.46.1-signed.apk
FDM-UI-3.46.1.apk	7749839	2026-10-04 09:39	out/FDM-UI-3.46.1.apk
FDM-UI-3.46.2-signed.apk	7766232	2026-10-04 09:46	out/FDM-UI-3.46.2-signed.apk
FDM-UI-3.46.2.apk	7749839	2026-10-04 09:46	out/FDM-UI-3.46.2.apk
FDM-UI-3.46.3-signed.apk	7766232	2026-10-04 09:54	out/FDM-UI-3.46.3-signed.apk
FDM-UI-3.46.3.apk	7749839	2026-10-04 09:54	out/FDM-UI-3.46.3.apk
FDM-UI-3.46.4-signed.apk	7766232	2026-10-04 10:00	out/FDM-UI-3.46.4-signed.apk
FDM-UI-3.46.4.apk	7749838	2026-10-04 10:00	out/FDM-UI-3.46.4.apk
FDM-UI-3.46.5-signed.apk	7766232	2026-10-04 10:12	out/FDM-UI-3.46.5-signed.apk
FDM-UI-3.46.5.apk	7749839	2026-10-04 10:12	out/FDM-UI-3.46.5.apk
FDM-UI-3.46.6-signed.apk	7766232	2026-10-04 10:21	out/FDM-UI-3.46.6-signed.apk
FDM-UI-3.46.6.apk	7749839	2026-10-04 10:21	out/FDM-UI-3.46.6.apk
FDM-UI-3.46.7-signed.apk	7766232	2026-10-04 10:31	out/FDM-UI-3.46.7-signed.apk
FDM-UI-3.46.7.apk	7749839	2026-10-04 10:31	out/FDM-UI-3.46.7.apk
FDM-UI-3.46.8-signed.apk	7766232	2026-10-04 10:42	out/FDM-UI-3.46.8-signed.apk
FDM-UI-3.46.8.apk	7749839	2026-10-04 10:42	out/FDM-UI-3.46.8.apk
FDM-UI-3.46.9-signed.apk	7766232	2026-10-04 10:50	out/FDM-UI-3.46.9-signed.apk
FDM-UI-3.46.9.apk	7749840	2026-10-04 10:50	out/FDM-UI-3.46.9.apk
FDM-UI-3.47.0-signed.apk	7766232	2026-10-04 11:10	out/FDM-UI-3.47.0-signed.apk
FDM-UI-3.47.0.apk	7749839	2026-10-04 11:10	out/FDM-UI-3.47.0.apk
FDM-UI-3.47.1-signed.apk	7766232	2026-10-04 11:22	out/FDM-UI-3.47.1-signed.apk
FDM-UI-3.47.1.apk	7749839	2026-10-04 11:22	out/FDM-UI-3.47.1.apk
FDM-UI-3.47.2-signed.apk	7766232	2026-10-04 11:39	out/FDM-UI-3.47.2-signed.apk
FDM-UI-3.47.2.apk	7749839	2026-10-04 11:39	out/FDM-UI-3.47.2.apk
FDM-UI-3.47.3-signed.apk	7766232	2026-10-04 11:56	out/FDM-UI-3.47.3-signed.apk
FDM-UI-3.47.3.apk	7749839	2026-10-04 11:56	out/FDM-UI-3.47.3.apk
FDM-UI-3.47.4-signed.apk	7766232	2026-10-04 12:04	out/FDM-UI-3.47.4-signed.apk
FDM-UI-3.47.4.apk	7749839	2026-10-04 12:04	out/FDM-UI-3.47.4.apk
FDM-UI-3.48.0-signed.apk	7766232	2026-10-04 12:45	out/FDM-UI-3.48.0-signed.apk
FDM-UI-3.48.0.apk	7749839	2026-10-04 12:45	out/FDM-UI-3.48.0.apk
FDM-UI-3.48.1-signed.apk	7766232	2026-10-04 15:57	out/FDM-UI-3.48.1-signed.apk
FDM-UI-3.48.1.apk	7749838	2026-10-04 15:57	out/FDM-UI-3.48.1.apk
FDM-UI-3.48.2-signed.apk	7766232	2026-10-04 16:15	out/FDM-UI-3.48.2-signed.apk
FDM-UI-3.48.2.apk	7749838	2026-10-04 16:15	out/FDM-UI-3.48.2.apk
FDM-UI-3.49.0-probe-signed.apk	7766232	2026-10-04 16:37	out/FDM-UI-3.49.0-probe-signed.apk
FDM-UI-3.49.0-probe.apk	7749838	2026-10-04 16:37	out/FDM-UI-3.49.0-probe.apk
FDM-UI-3.49.1-probe-signed.apk	7766232	2026-10-04 16:50	out/FDM-UI-3.49.1-probe-signed.apk
FDM-UI-3.49.1-probe.apk	7749839	2026-10-04 16:50	out/FDM-UI-3.49.1-probe.apk
FDM-UI-3.49.2-probe-signed.apk	7766232	2026-10-04 16:56	out/FDM-UI-3.49.2-probe-signed.apk
FDM-UI-3.49.2-probe.apk	7749840	2026-10-04 16:56	out/FDM-UI-3.49.2-probe.apk
FDM-UI-3.50.0-signed.apk	7766232	2026-10-05 05:08	out/FDM-UI-3.50.0-signed.apk
FDM-UI-3.50.0.apk	7749840	2026-10-05 05:08	out/FDM-UI-3.50.0.apk
FDM-UI-3.50.1-signed.apk	7766233	2026-10-05 05:17	out/FDM-UI-3.50.1-signed.apk
FDM-UI-3.50.1.apk	7749917	2026-10-05 05:17	out/FDM-UI-3.50.1.apk
FDM-UI-3.50.2-signed.apk	7766227	2026-10-05 05:31	out/FDM-UI-3.50.2-signed.apk
FDM-UI-3.50.2.apk	7750627	2026-10-05 05:31	out/FDM-UI-3.50.2.apk
FDM-UI-3.50.3-signed.apk	7766227	2026-10-05 05:46	out/FDM-UI-3.50.3-signed.apk
FDM-UI-3.50.3.apk	7750867	2026-10-05 05:46	out/FDM-UI-3.50.3.apk
FDM-UI-3.50.4-signed.apk	7766227	2026-10-05 06:15	out/FDM-UI-3.50.4-signed.apk
FDM-UI-3.50.4.apk	7750867	2026-10-05 06:15	out/FDM-UI-3.50.4.apk
FDM-UI-3.7.0-signed.apk	6037722	2026-09-26 01:35	out/FDM-UI-3.7.0-signed.apk
FDM-UI-3.7.0.apk	6019221	2026-09-26 01:35	out/FDM-UI-3.7.0.apk
FDM-UI-3.8.0-signed.apk	6058195	2026-09-26 01:47	out/FDM-UI-3.8.0-signed.apk
FDM-UI-3.8.0.apk	6039801	2026-09-26 01:47	out/FDM-UI-3.8.0.apk
FDM-UI-3.8.1-signed.apk	6058195	2026-09-26 01:52	out/FDM-UI-3.8.1-signed.apk
FDM-UI-3.8.1.apk	6039804	2026-09-26 01:52	out/FDM-UI-3.8.1.apk
FDM-UI-3.8.2-signed.apk	7205075	2026-09-26 01:57	out/FDM-UI-3.8.2-signed.apk
FDM-UI-3.8.2.apk	7188521	2026-09-26 01:57	out/FDM-UI-3.8.2.apk
FDM-UI-3.8.3-signed.apk	7454931	2026-09-26 02:02	out/FDM-UI-3.8.3-signed.apk
FDM-UI-3.8.3.apk	7439117	2026-09-26 02:02	out/FDM-UI-3.8.3.apk
FDM-UI-3.8.4-signed.apk	10785042	2026-09-26 02:51	out/FDM-UI-3.8.4-signed.apk
FDM-UI-3.8.4.apk	10769827	2026-09-26 02:51	out/FDM-UI-3.8.4.apk
FDM-UI-3.8.5-signed.apk	11125010	2026-09-26 02:56	out/FDM-UI-3.8.5-signed.apk
FDM-UI-3.8.5.apk	11108556	2026-09-26 02:56	out/FDM-UI-3.8.5.apk
FDM-UI-3.8.6-signed.apk	11125010	2026-09-26 03:00	out/FDM-UI-3.8.6-signed.apk
FDM-UI-3.8.6.apk	11108555	2026-09-26 03:00	out/FDM-UI-3.8.6.apk
FDM-UI-3.9.0-signed.apk	11129107	2026-09-26 03:11	out/FDM-UI-3.9.0-signed.apk
FDM-UI-3.9.0.apk	11112413	2026-09-26 03:11	out/FDM-UI-3.9.0.apk
FDM-UI-3.9.2-signed.apk	7712984	2026-09-26 03:37	out/FDM-UI-3.9.2-signed.apk
FDM-UI-3.9.2.apk	7697037	2026-09-26 03:37	out/FDM-UI-3.9.2.apk
FDM-UI-3.9.3-signed.apk	7712984	2026-09-26 03:43	out/FDM-UI-3.9.3-signed.apk
FDM-UI-3.9.3.apk	7697037	2026-09-26 03:42	out/FDM-UI-3.9.3.apk
FDM-UI-3.9.4-signed.apk	7712985	2026-09-26 04:21	out/FDM-UI-3.9.4-signed.apk
FDM-UI-3.9.4.apk	7697466	2026-09-26 04:21	out/FDM-UI-3.9.4.apk
FDM-UI-3.9.5-signed.apk	7725274	2026-09-26 04:41	out/FDM-UI-3.9.5-signed.apk
FDM-UI-3.9.5.apk	7706649	2026-09-26 04:41	out/FDM-UI-3.9.5.apk
FDM-UI-3.9.6-signed.apk	7725274	2026-09-26 04:45	out/FDM-UI-3.9.6-signed.apk
FDM-UI-3.9.6.apk	7706649	2026-09-26 04:45	out/FDM-UI-3.9.6.apk
FDM-UI-3.9.7-signed.apk	7737561	2026-09-26 05:03	out/FDM-UI-3.9.7-signed.apk
FDM-UI-3.9.7.apk	7718872	2026-09-26 05:03	out/FDM-UI-3.9.7.apk
FDM-UI-3.9.8-signed.apk	7737560	2026-09-26 05:14	out/FDM-UI-3.9.8-signed.apk
FDM-UI-3.9.8.apk	7718822	2026-09-26 05:14	out/FDM-UI-3.9.8.apk
FDM-UI-3.9.9-signed.apk	7737560	2026-09-26 05:27	out/FDM-UI-3.9.9-signed.apk
FDM-UI-3.9.9.apk	7721009	2026-09-26 05:27	out/FDM-UI-3.9.9.apk
FDM_2.22.121-signed.apk	567619	2026-09-25 14:09	fdm-app/pipeline/FDM_2.22.121-signed.apk
FDM_2.22.121.apk	549311	2026-09-25 14:09	fdm-app/pipeline/FDM_2.22.121.apk
FDM_2.22.122-signed.apk	2546108	2026-09-25 14:49	fdm-app/pipeline/FDM_2.22.122-signed.apk
FDM_2.22.122.apk	2525570	2026-09-25 14:49	fdm-app/pipeline/FDM_2.22.122.apk
FDM_2.22.123-signed.apk	2712714	2026-09-25 15:00	fdm-app/pipeline/FDM_2.22.123-signed.apk
FDM_2.22.123.apk	2712714	2026-09-25 14:54	fdm-app/pipeline/FDM_2.22.123.apk
FDM_2.22.124.apk	2715751	2026-09-25 15:13	fdm-app/pipeline/FDM_2.22.124.apk
FDM_2.22.125.apk	2715774	2026-09-25 15:17	fdm-app/pipeline/FDM_2.22.125.apk
FDM_2.22.126.apk	2716694	2026-09-25 15:19	fdm-app/pipeline/FDM_2.22.126.apk
FDM_2.22.127.apk	2721694	2026-09-25 15:20	fdm-app/pipeline/FDM_2.22.127.apk
FDM_2.22.128.apk	2722376	2026-09-25 15:24	fdm-app/pipeline/FDM_2.22.128.apk
FDM_2.22.129.apk	2722376	2026-09-25 15:26	fdm-app/pipeline/FDM_2.22.129.apk
FDM_2.22.130.apk	2726136	2026-09-25 15:27	fdm-app/pipeline/FDM_2.22.130.apk
FDM_2.22.131.apk	2726188	2026-09-25 15:30	fdm-app/pipeline/FDM_2.22.131.apk
FDM_2.22.132.apk	2751575	2026-09-25 15:32	fdm-app/pipeline/FDM_2.22.132.apk
FDM_2.22.133.apk	2751699	2026-09-25 15:33	fdm-app/pipeline/FDM_2.22.133.apk
FDM_2.22.134.apk	2751823	2026-09-25 15:34	fdm-app/pipeline/FDM_2.22.134.apk
FDM_2.22.135.apk	2751700	2026-09-25 15:36	fdm-app/pipeline/FDM_2.22.135.apk
FDM_2.22.136.apk	549579	2026-09-25 15:39	fdm-app/pipeline/FDM_2.22.136.apk
FDM_2.22.137.apk	2751880	2026-09-25 15:43	fdm-app/pipeline/FDM_2.22.137.apk
FDM_2.22.138.apk	2816755	2026-09-25 15:46	fdm-app/pipeline/FDM_2.22.138.apk
FDM_2.22.139.apk	2733171	2026-09-25 15:48	fdm-app/pipeline/FDM_2.22.139.apk
FDM_2.22.140.apk	2974917	2026-09-25 15:50	fdm-app/pipeline/FDM_2.22.140.apk
FDM_2.22.142.apk	2975289	2026-09-25 15:57	fdm-app/pipeline/FDM_2.22.142.apk
FuckDSManger_2.9.7_for_ds2.5.1.apk	58353	2026-09-13 05:26	_release_backup/FuckDSManger_2.9.7_for_ds2.5.1.apk
FuckDSManger_NL_2.22.110_for_ds2.5.2.apk	99313	2026-09-25 10:10	mod-src/base/FuckDSManger_NL_2.22.110_for_ds2.5.2.apk
FuckDSManger_NL_2.22.110_for_ds2.5.2.apk	99313	2026-10-02 13:46	backups/逃生包-20261002-2145/底座/FuckDSManger_NL_2.22.110_for_ds2.5.2.apk
FuckDSManger_NL_2.22.111_for_ds2.5.2-signed.apk	103474	2026-09-25 10:10	mod-src/out/FuckDSManger_NL_2.22.111_for_ds2.5.2-signed.apk
FuckDSManger_NL_2.22.111_for_ds2.5.2.apk	91033	2026-09-25 10:10	mod-src/out/FuckDSManger_NL_2.22.111_for_ds2.5.2.apk
FuckDSManger_NL_2.22.112_for_ds2.5.2-signed.apk	99321	2026-09-25 10:25	mod-src/out/FuckDSManger_NL_2.22.112_for_ds2.5.2-signed.apk
FuckDSManger_NL_2.22.112_for_ds2.5.2.apk	86940	2026-09-25 10:25	mod-src/out/FuckDSManger_NL_2.22.112_for_ds2.5.2.apk
FuckDSManger_NL_2.22.113_for_ds2.5.2-signed.apk	107571	2026-09-25 13:28	mod-src/out/FuckDSManger_NL_2.22.113_for_ds2.5.2-signed.apk
FuckDSManger_NL_2.22.113_for_ds2.5.2.apk	93858	2026-09-25 13:28	mod-src/out/FuckDSManger_NL_2.22.113_for_ds2.5.2.apk
FuckDSManger_NL_2.22.114_for_ds2.5.2-signed.apk	107572	2026-09-25 13:30	mod-src/out/FuckDSManger_NL_2.22.114_for_ds2.5.2-signed.apk
FuckDSManger_NL_2.22.114_for_ds2.5.2.apk	93851	2026-09-25 13:30	mod-src/out/FuckDSManger_NL_2.22.114_for_ds2.5.2.apk
FuckDSManger_NL_2.22.115_for_ds2.5.2-signed.apk	107571	2026-09-25 13:34	mod-src/out/FuckDSManger_NL_2.22.115_for_ds2.5.2-signed.apk
FuckDSManger_NL_2.22.115_for_ds2.5.2.apk	94290	2026-09-25 13:34	mod-src/out/FuckDSManger_NL_2.22.115_for_ds2.5.2.apk
FuckDSManger_NL_2.22.116_for_ds2.5.2-signed.apk	107513	2026-09-25 13:36	mod-src/out/FuckDSManger_NL_2.22.116_for_ds2.5.2-signed.apk
FuckDSManger_NL_2.22.116_for_ds2.5.2.apk	91880	2026-09-25 13:36	mod-src/out/FuckDSManger_NL_2.22.116_for_ds2.5.2.apk
FuckDSManger_NL_2.22.117_for_ds2.5.2-signed.apk	107513	2026-09-25 13:38	mod-src/out/FuckDSManger_NL_2.22.117_for_ds2.5.2-signed.apk
FuckDSManger_NL_2.22.117_for_ds2.5.2.apk	91936	2026-09-25 13:38	mod-src/out/FuckDSManger_NL_2.22.117_for_ds2.5.2.apk
FuckDSManger_NL_2.22.118_for_ds2.5.2-signed.apk	107512	2026-09-25 13:40	mod-src/out/FuckDSManger_NL_2.22.118_for_ds2.5.2-signed.apk
FuckDSManger_NL_2.22.118_for_ds2.5.2.apk	92031	2026-09-25 13:40	mod-src/out/FuckDSManger_NL_2.22.118_for_ds2.5.2.apk
FuckDSManger_NL_2.22.119_for_ds2.5.2-signed.apk	107507	2026-09-25 13:42	mod-src/out/FuckDSManger_NL_2.22.119_for_ds2.5.2-signed.apk
FuckDSManger_NL_2.22.119_for_ds2.5.2.apk	92238	2026-09-25 13:41	mod-src/out/FuckDSManger_NL_2.22.119_for_ds2.5.2.apk
FuckDSManger_NL_2.22.120_for_ds2.5.2-signed.apk	107514	2026-09-26 04:31	mod-src/out/FuckDSManger_NL_2.22.120_for_ds2.5.2-signed.apk
FuckDSManger_NL_2.22.120_for_ds2.5.2.apk	92185	2026-09-25 13:43	mod-src/out/FuckDSManger_NL_2.22.120_for_ds2.5.2.apk
FuckDSManger_NL_2.22.121_for_ds2.5.2-signed.apk	107514	2026-09-26 12:38	mod-src/out/FuckDSManger_NL_2.22.121_for_ds2.5.2-signed.apk
FuckDSManger_NL_2.22.122_for_ds2.5.2-signed.apk	107507	2026-09-26 13:07	mod-src/out/FuckDSManger_NL_2.22.122_for_ds2.5.2-signed.apk
FuckDSManger_NL_2.22.123_for_ds2.5.2-signed.apk	96661	2026-10-01 13:02	mod-src/out/FuckDSManger_NL_2.22.123_for_ds2.5.2-signed.apk
FuckDSManger_NL_2.22.124_for_ds2.5.2-signed.apk	107513	2026-09-27 06:56	mod-src/out/FuckDSManger_NL_2.22.124_for_ds2.5.2-signed.apk
FuckDSManger_NL_2.22.125_for_ds2.5.2-signed.apk	107513	2026-09-27 07:06	mod-src/out/FuckDSManger_NL_2.22.125_for_ds2.5.2-signed.apk
FuckDSManger_NL_2.22.126_for_ds2.5.2-signed.apk	107513	2026-09-27 07:08	mod-src/out/FuckDSManger_NL_2.22.126_for_ds2.5.2-signed.apk
FuckDSManger_NL_2.22.127_for_ds2.5.2-signed.apk	107513	2026-09-27 07:37	mod-src/out/FuckDSManger_NL_2.22.127_for_ds2.5.2-signed.apk
FuckDSManger_NL_2.22.128_for_ds2.5.2-signed.apk	107513	2026-09-27 07:45	mod-src/out/FuckDSManger_NL_2.22.128_for_ds2.5.2-signed.apk
FuckDSManger_NL_2.22.129_for_ds2.5.2-signed.apk	107513	2026-09-27 07:56	mod-src/out/FuckDSManger_NL_2.22.129_for_ds2.5.2-signed.apk
FuckDSManger_NL_2.22.130_for_ds2.5.2-signed.apk	96360	2026-09-30 10:26	mod-src/out/FuckDSManger_NL_2.22.130_for_ds2.5.2-signed.apk
FuckDSManger_NL_2.22.131_for_ds2.5.2-signed.apk	96363	2026-09-30 10:33	mod-src/out/FuckDSManger_NL_2.22.131_for_ds2.5.2-signed.apk
FuckDSManger_NL_2.22.132_for_ds2.5.2-signed.apk	96379	2026-09-30 10:58	mod-src/out/FuckDSManger_NL_2.22.132_for_ds2.5.2-signed.apk
FuckDSManger_NL_2.22.133_for_ds2.6.1.apk	96433	2026-10-02 20:27	mod-src/out/FuckDSManger_NL_2.22.133_for_ds2.6.1.apk
FuckDSManger_NL_2.22.133_for_ds2.6.1.apk	96223	2026-10-02 13:46	backups/逃生包-20261002-2145/底座/FuckDSManger_NL_2.22.133_for_ds2.6.1.apk
app_base.apk	549304	2026-09-25 16:01	fdm-app/work/app_base.apk
app_base2.apk	549304	2026-09-25 16:06	fdm-app/work/app_base2.apk
b_base.apk	495054	2026-10-05 06:14	fdm-app/work/b_base.apk
base.apk	1766	2026-09-25 13:08	fdm-app/work/base.apk
base.apk	127	2026-10-06 06:29	tmp/devapk/base.apk
base.apk	14240919	2026-09-27 01:21	tmp/hostpkg/base.apk
base125_unsigned.apk	92815	2026-09-27 07:06	tmp/base125_unsigned.apk
base126_unsigned.apk	92819	2026-09-27 07:08	tmp/base126_unsigned.apk
base127_unsigned.apk	92813	2026-09-27 07:37	tmp/base127_unsigned.apk
base128_unsigned.apk	92812	2026-09-27 07:45	tmp/base128_unsigned.apk
base129_unsigned.apk	92890	2026-09-27 07:56	tmp/base129_unsigned.apk
base2.apk	2718	2026-09-25 13:10	fdm-app/work/base2.apk
base3.apk	2765	2026-09-25 13:13	fdm-app/work/base3.apk
fdm-probe-unsigned.apk	14665292	2026-09-25 13:09	fdm-app/work/fdm-probe-unsigned.apk
fdm-probe.apk	14676545	2026-09-25 13:09	fdm-app/work/fdm-probe.apk
fdm-r8-unsigned.apk	519578	2026-09-25 13:14	fdm-app/work/fdm-r8-unsigned.apk
fdm-unsigned.apk	14695460	2026-09-25 13:13	fdm-app/work/fdm-unsigned.apk
fdm230.apk	41969	2026-10-01 03:01	tmp/fdm230.apk
fdm_fix_unsigned.apk	7876505	2026-09-27 06:43	tmp/fdm_fix_unsigned.apk
host.apk	14240919	2026-09-27 06:39	tmp/host.apk
host_2.6.1.apk	22245294	2026-09-30 18:19	host_2.6.1.apk
host_2.6.1.apk	22245294	2026-10-02 13:46	backups/逃生包-20261002-2145/宿主APK/host_2.6.1.apk
installed.apk	7860621	2026-09-27 06:39	tmp/installed.apk
installed2.apk	7860615	2026-09-27 07:05	tmp/installed2.apk
installed_336.apk	7860620	2026-09-30 10:14	tmp/installed_336.apk
li-1.1.5-original.apk	10986166	2026-10-06 06:23	layoutinspect-mcp/backup/li-1.1.5-original.apk
li-mcp-signed.apk	11101070	2026-10-06 06:40	layoutinspect-mcp/out/li-mcp-signed.apk
li-mcp-unsigned.apk	11020993	2026-10-06 06:40	layoutinspect-mcp/out/li-mcp-unsigned.apk
li.apk	10986166	2026-10-06 06:10	tmp/li/li.apk
newbase_unsigned.apk	92681	2026-09-27 06:42	tmp/newbase_unsigned.apk
repro-2.22.121-signed.apk	107514	2026-09-26 12:42	tmp/repro-2.22.121-signed.apk
res.apk	548840	2026-09-25 14:05	fdm-app/work/res.apk
res10.apk	549572	2026-09-25 15:24	fdm-app/pipeline/res10.apk
res11.apk	549572	2026-09-25 15:26	fdm-app/pipeline/res11.apk
res12.apk	549572	2026-09-25 15:27	fdm-app/pipeline/res12.apk
res13.apk	549572	2026-09-25 15:30	fdm-app/pipeline/res13.apk
res14.apk	549568	2026-09-25 15:32	fdm-app/pipeline/res14.apk
res15.apk	549568	2026-09-25 15:33	fdm-app/pipeline/res15.apk
res16.apk	549692	2026-09-25 15:33	fdm-app/pipeline/res16.apk
res17.apk	549572	2026-09-25 15:36	fdm-app/pipeline/res17.apk
res19.apk	549572	2026-09-25 15:42	fdm-app/pipeline/res19.apk
res2.apk	549304	2026-09-25 14:09	fdm-app/pipeline/res2.apk
res20.apk	549572	2026-09-25 15:46	fdm-app/pipeline/res20.apk
res21.apk	549572	2026-09-25 15:48	fdm-app/pipeline/res21.apk
res22.apk	549568	2026-09-25 15:50	fdm-app/pipeline/res22.apk
res23.apk	549692	2026-09-25 15:52	fdm-app/pipeline/res23.apk
res24.apk	549692	2026-09-25 15:53	fdm-app/pipeline/res24.apk
res25.apk	549692	2026-09-25 15:57	fdm-app/pipeline/res25.apk
res4.apk	549304	2026-09-25 14:41	fdm-app/pipeline/res4.apk
res5.apk	549304	2026-09-25 15:00	fdm-app/pipeline/res5.apk
res6.apk	549548	2026-09-25 15:12	fdm-app/pipeline/res6.apk
res7.apk	549572	2026-09-25 15:17	fdm-app/pipeline/res7.apk
res8.apk	549572	2026-09-25 15:19	fdm-app/pipeline/res8.apk
res9.apk	549572	2026-09-25 15:20	fdm-app/pipeline/res9.apk
