文件	行号	类	API	成员名字面量
com/nidyaber/fuckdsmanger/gm/GmBubble.smali	520	GmBubble	findClass	zc
com/nidyaber/fuckdsmanger/gm/GmBubble.smali	526	GmBubble	getStaticObjectField	o
com/nidyaber/fuckdsmanger/gm/GmBubble.smali	667	GmBubble	findClass	tn0
com/nidyaber/fuckdsmanger/gm/GmBubble.smali	1662	GmBubble	findClass	tt7
com/nidyaber/fuckdsmanger/gm/GmBubble.smali	1676	GmBubble	callStaticMethod	b
com/nidyaber/fuckdsmanger/gm/GmBubble.smali	1699	GmBubble	findClass	zc
com/nidyaber/fuckdsmanger/gm/GmBubble.smali	1705	GmBubble	getStaticObjectField	o
com/nidyaber/fuckdsmanger/gm/GmBubble.smali	1883	GmBubble	findClass	uia
com/nidyaber/fuckdsmanger/gm/GmBubble.smali	1889	GmBubble	callStaticMethod	u
com/nidyaber/fuckdsmanger/gm/GmBubble.smali	1928	GmBubble	findClass	uia
com/nidyaber/fuckdsmanger/gm/GmBubble.smali	1934	GmBubble	callStaticMethod	v
com/nidyaber/fuckdsmanger/gm/GmBubble.smali	2062	GmBubble	findClass	uia
com/nidyaber/fuckdsmanger/gm/GmBubble.smali	2068	GmBubble	callStaticMethod	v
com/nidyaber/fuckdsmanger/gm/GmBubble.smali	2155	GmBubble	findClass	uia
com/nidyaber/fuckdsmanger/gm/GmBubble.smali	2161	GmBubble	callStaticMethod	u
com/nidyaber/fuckdsmanger/gm/GmBubbleCellHook.smali	77	GmBubbleCellHook	callMethod	D
com/nidyaber/fuckdsmanger/gm/GmBubbleCellHook.smali	245	GmBubbleCellHook	findClass	vq
com/nidyaber/fuckdsmanger/gm/GmBubbleCellHook.smali	315	GmBubbleCellHook	callMethod	D
com/nidyaber/fuckdsmanger/gm/GmBubbleCellHook.smali	337	GmBubbleCellHook	callMethod	D
com/nidyaber/fuckdsmanger/gm/GmBubbleCellHook.smali	458	GmBubbleCellHook	findClass	c76
com/nidyaber/fuckdsmanger/gm/GmBubbleFitHook.smali	27	GmBubbleFitHook	getObjectField	d
com/nidyaber/fuckdsmanger/gm/GmCallDialog.smali	78	GmCallDialog	callMethod	D
com/nidyaber/fuckdsmanger/gm/GmCallDialog.smali	113	GmCallDialog	callMethod	l
com/nidyaber/fuckdsmanger/gm/GmCallDialog.smali	506	GmCallDialog	findClass	cn1
com/nidyaber/fuckdsmanger/gm/GmCallDialog.smali	566	GmCallDialog	callMethod	J
com/nidyaber/fuckdsmanger/gm/GmCallDialog.smali	610	GmCallDialog	callMethod	M
com/nidyaber/fuckdsmanger/gm/GmCallDialog.smali	618	GmCallDialog	getObjectField	f
com/nidyaber/fuckdsmanger/gm/GmCallDialog.smali	645	GmCallDialog	callMethod	x
com/nidyaber/fuckdsmanger/gm/GmCallDialog.smali	923	GmCallDialog	callMethod	h
com/nidyaber/fuckdsmanger/gm/GmCallDialog.smali	966	GmCallDialog	findClass	ao1
com/nidyaber/fuckdsmanger/gm/GmCallDialog.smali	972	GmCallDialog	findClass	pr8
com/nidyaber/fuckdsmanger/gm/GmCallDialog.smali	978	GmCallDialog	findClass	java.lang.String
com/nidyaber/fuckdsmanger/gm/GmCallDialog.smali	984	GmCallDialog	findClass	java.util.List
com/nidyaber/fuckdsmanger/gm/GmCallDialog.smali	990	GmCallDialog	findClass	wr
com/nidyaber/fuckdsmanger/gm/GmCallDialog.smali	1672	GmCallDialog	getObjectField	j
com/nidyaber/fuckdsmanger/gm/GmCallDialog.smali	1722	GmCallDialog	callMethod	(非字面量/未找到)
com/nidyaber/fuckdsmanger/gm/GmCallDialog.smali	1827	GmCallDialog	findClass	gz3
com/nidyaber/fuckdsmanger/gm/GmCallDialog.smali	1853	GmCallDialog	callMethod	(非字面量/未找到)
com/nidyaber/fuckdsmanger/gm/GmCallDialog.smali	1959	GmCallDialog	callMethod	H
com/nidyaber/fuckdsmanger/gm/GmCallDialog.smali	1994	GmCallDialog	findClass	gz3
com/nidyaber/fuckdsmanger/gm/GmCallDialog.smali	2020	GmCallDialog	callMethod	(非字面量/未找到)
com/nidyaber/fuckdsmanger/gm/GmCallDialog.smali	2266	GmCallDialog	callMethod	c
com/nidyaber/fuckdsmanger/gm/GmCallDialog.smali	2278	GmCallDialog	callMethod	I
com/nidyaber/fuckdsmanger/gm/GmCallDialog.smali	2335	GmCallDialog	callMethod	M
com/nidyaber/fuckdsmanger/gm/GmCallDialog.smali	2371	GmCallDialog	callMethod	N
com/nidyaber/fuckdsmanger/gm/GmCallHook.smali	149	GmCallHook	getObjectField	a
com/nidyaber/fuckdsmanger/gm/GmCallHook.smali	196	GmCallHook	getObjectField	b
com/nidyaber/fuckdsmanger/gm/GmCallHook.smali	219	GmCallHook	getObjectField	g
com/nidyaber/fuckdsmanger/gm/GmCallHook.smali	245	GmCallHook	getObjectField	i
com/nidyaber/fuckdsmanger/gm/GmCallHook.smali	253	GmCallHook	getObjectField	m
com/nidyaber/fuckdsmanger/gm/GmDevice.smali	195	GmDevice	findClass	android.provider.Settings$Secure
com/nidyaber/fuckdsmanger/gm/GmDsHook2.smali	30	GmDsHook2	getObjectField	a
com/nidyaber/fuckdsmanger/GmEntry.smali	84	GmEntry	findClass	(非字面量/未找到)
com/nidyaber/fuckdsmanger/GmEntry.smali	154	GmEntry	findClass	(非字面量/未找到)
com/nidyaber/fuckdsmanger/GmEntry.smali	249	GmEntry	findClass	(非字面量/未找到)
com/nidyaber/fuckdsmanger/GmEntry.smali	338	GmEntry	findClass	com.deepseek.chat.MainActivity
com/nidyaber/fuckdsmanger/GmEntry.smali	734	GmEntry	findClass	(非字面量/未找到)
com/nidyaber/fuckdsmanger/GmEntry.smali	763	GmEntry	findClass	(非字面量/未找到)
com/nidyaber/fuckdsmanger/GmEntry.smali	780	GmEntry	findClass	(非字面量/未找到)
com/nidyaber/fuckdsmanger/GmEntry.smali	930	GmEntry	findClass	(非字面量/未找到)
com/nidyaber/fuckdsmanger/GmEntry.smali	998	GmEntry	findClass	(非字面量/未找到)
com/nidyaber/fuckdsmanger/gm/GmEntryHook.smali	32	GmEntryHook	findClass	lp9
com/nidyaber/fuckdsmanger/gm/GmEntryHook.smali	38	GmEntryHook	getStaticObjectField	a
com/nidyaber/fuckdsmanger/gm/GmEnv.smali	684	GmEnv	findClass	(非字面量/未找到)
com/nidyaber/fuckdsmanger/gm/GmEnv.smali	834	GmEnv	findClass	android.os.Build
com/nidyaber/fuckdsmanger/gm/GmHello.smali	641	GmHello	callMethod	allKeys
com/nidyaber/fuckdsmanger/gm/GmPaintModHook.smali	55	GmPaintModHook	findClass	vk0
com/nidyaber/fuckdsmanger/gm/GmPainterHook.smali	248	GmPainterHook	findClass	le
com/nidyaber/fuckdsmanger/gm/GmPainterHook.smali	266	GmPainterHook	findClass	ok0
com/nidyaber/fuckdsmanger/gm/GmPrompt.smali	293	GmPrompt	findClass	com.tencent.mmkv.MMKV
com/nidyaber/fuckdsmanger/gm/GmPrompt.smali	303	GmPrompt	callStaticMethod	l
com/nidyaber/fuckdsmanger/gm/GmPrompt.smali	341	GmPrompt	callMethod	decodeString
com/nidyaber/fuckdsmanger/gm/GmPrompt.smali	386	GmPrompt	findClass	com.tencent.mmkv.MMKV
com/nidyaber/fuckdsmanger/gm/GmPrompt.smali	396	GmPrompt	callStaticMethod	l
com/nidyaber/fuckdsmanger/gm/GmPrompt.smali	432	GmPrompt	callMethod	encodeString
com/nidyaber/fuckdsmanger/gm/GmReplyHook.smali	39	GmReplyHook	findClass	we5
com/nidyaber/fuckdsmanger/gm/GmReplyHook.smali	45	GmReplyHook	getStaticObjectField	F
com/nidyaber/fuckdsmanger/gm/GmResumeHook.smali	66	GmResumeHook	findClass	(非字面量/未找到)
com/nidyaber/fuckdsmanger/gm/GmResumeHook.smali	169	GmResumeHook	findClass	kf5
com/nidyaber/fuckdsmanger/gm/GmResumeHook.smali	192	GmResumeHook	findClass	ok0
com/nidyaber/fuckdsmanger/gm/GmRevokeHook.smali	49	GmRevokeHook	callMethod	j
com/nidyaber/fuckdsmanger/gm/GmStore.smali	91	GmStore	callMethod	allKeys
com/nidyaber/fuckdsmanger/gm/GmStore.smali	185	GmStore	findClass	com.tencent.mmkv.MMKV
com/nidyaber/fuckdsmanger/gm/GmStore.smali	195	GmStore	callStaticMethod	l
com/nidyaber/fuckdsmanger/gm/GmSuggestAi.smali	1730	GmSuggestAi	findClass	wr
com/nidyaber/fuckdsmanger/gm/GmSuggestAi.smali	1882	GmSuggestAi	findClass	hp8
com/nidyaber/fuckdsmanger/gm/GmSuggestHook.smali	74	GmSuggestHook	findClass	g56
com/nidyaber/fuckdsmanger/gm/GmSuggestHook.smali	322	GmSuggestHook	findClass	g56
com/nidyaber/fuckdsmanger/gm/GmSuggestHook.smali	527	GmSuggestHook	findClass	g56
com/nidyaber/fuckdsmanger/gm/GmSuggestHook.smali	563	GmSuggestHook	getObjectField	b
com/nidyaber/fuckdsmanger/gm/GmSuggestHook.smali	905	GmSuggestHook	getObjectField	b
com/nidyaber/fuckdsmanger/gm/GmSuggestHook.smali	913	GmSuggestHook	callMethod	setValue
com/nidyaber/fuckdsmanger/gm/GmSuggestHook.smali	918	GmSuggestHook	callMethod	c1
com/nidyaber/fuckdsmanger/gm/GmSuggestHook.smali	922	GmSuggestHook	callMethod	i1
com/nidyaber/fuckdsmanger/gm/GmSuggestHook.smali	960	GmSuggestHook	callMethod	b
com/nidyaber/fuckdsmanger/gm/GmSuggestHook.smali	1218	GmSuggestHook	findClass	g56
com/nidyaber/fuckdsmanger/gm/GmSuggestHook.smali	1295	GmSuggestHook	setObjectField	(非字面量/未找到)
com/nidyaber/fuckdsmanger/gm/GmSuggestHook.smali	1562	GmSuggestHook	getObjectField	c
com/nidyaber/fuckdsmanger/gm/GmSync.smali	47	GmSync	findClass	p66
com/nidyaber/fuckdsmanger/gm/GmSync.smali	61	GmSync	findClass	h02
com/nidyaber/fuckdsmanger/gm/GmSync.smali	75	GmSync	findClass	com.tencent.mmkv.MMKV
com/nidyaber/fuckdsmanger/gm/GmVectorHook.smali	109	GmVectorHook	setObjectField	string
